Date,Coinbase,Exmo,Binance,return coinbase,return exmo,return binance
2016/7/31,624.68,658.2,,-4.747204998,0,
2016/7/30,655.05,658.2,,-0.295722907,0,
2016/7/29,656.99,658.2,,0.298776156,0,
2016/7/28,655.03,658.2,,0.103865961,0,
2016/7/27,654.35,658.2,,0.393529483,2.134438036,
2016/7/26,651.78,644.3,,-0.355316329,-0.479988535,
2016/7/25,654.1,647.4,,-1.09171058,-1.408020317,
2016/7/24,661.28,656.58,,0.868751857,1.051843517,
2016/7/23,655.56,649.71,,0.756407777,0.263541314,
2016/7/22,650.62,648,,-2.187632372,-1.766708794,
2016/7/21,665.01,659.55,,-0.100699646,-0.679966355,
2016/7/20,665.68,664.05,,-1.072820964,-0.66789487,
2016/7/19,672.86,668.5,,-0.037147931,-0.465630785,
2016/7/18,673.11,671.62,,-0.93896015,0.029783179,
2016/7/17,679.46,671.42,,2.789254338,1.346488488,
2016/7/16,660.77,662.44,,-0.376124851,-0.337573411,
2016/7/15,663.26,664.68,,0.784056569,0.373809672,
2016/7/14,658.08,662.2,,0.55007567,0.619553451,
2016/7/13,654.47,658.11,,-1.528437208,-1.790562178,
2016/7/12,664.55,670,,2.574425257,3.525604553,
2016/7/11,647.66,646.79,,-0.262139516,-0.439669645,
2016/7/10,649.36,649.64,,-0.246093394,-1.118954878,
2016/7/9,650.96,656.95,,-2.362195028,-1.175798727,
2016/7/8,666.52,664.72,,3.972735291,7.676849739,
2016/7/7,640.56,615.6,,-5.581580499,-9.211528891,
2016/7/6,677.33,675,,0.994102967,0.774846045,
2016/7/5,670.63,669.79,,-1.924314893,-0.52713208,
2016/7/4,683.66,673.33,,3.725324988,2.303061989,
2016/7/3,658.66,658,,-6.614466084,-5.358398183,
2016/7/2,703.7,694.22,,3.971536439,3.746833859,
2016/7/1,676.3,668.69,,0.438636191,1.091641671,
2016/6/30,673.34,661.43,,5.095411609,4.126746714,
2016/6/29,639.89,634.69,,-1.105000792,-1.409608835,
2016/6/28,647,643.7,,-1.271633071,0.39069542,
2016/6/27,655.28,641.19,,4.034330616,4.835980715,
2016/6/26,629.37,610.92,,-5.524815645,-6.0466699,
2016/6/25,665.12,649,,-0.027059124,-0.100103962,
2016/6/24,665.3,649.65,,6.411975017,6.998290523,
2016/6/23,623.98,605.74,,4.567632749,-3.270780833,
2016/6/22,596.12,625.88,,-11.18231815,-2.69860648,
2016/6/21,666.65,643,,-10.06347489,-11.09374705,
2016/6/20,737.23,718.44,,-3.53798701,-4.160338283,
2016/6/19,763.78,748.96,,0.993422687,-1.199780809,
2016/6/18,756.23,758,,0.972674663,2.187337139,
2016/6/17,748.91,741.6,,-2.296797153,-1.136985326,
2016/6/16,766.31,750.08,,9.843782289,9.97060262,
2016/6/15,694.47,678.9,,1.291294219,0.985842169,
2016/6/14,685.56,672.24,,-2.708196074,-1.756177221,
2016/6/13,704.38,684.15,,4.589960156,5.884935865,
2016/6/12,672.78,645.05,,10.33345001,9.112238695,
2016/6/11,606.73,588.87,,4.942738856,1.657487049,
2016/6/10,577.47,579.19,,0.493013758,0.647823231,
2016/6/9,574.63,575.45,,-1.214253685,-0.77723065,
2016/6/8,581.65,579.94,,0.872010706,1.04694848,
2016/6/7,576.6,573.9,,-1.538571318,0.118557793,
2016/6/6,585.54,573.22,,1.81992408,0.635278342,
2016/6/5,574.98,569.59,,0.392085611,0.103636964,
2016/6/4,572.73,569,,0.620010393,2.145883109,
2016/6/3,569.19,556.92,,5.641150102,3.456304288,
2016/6/2,537.97,538,,0.195368891,2.579452058,
2016/6/1,536.92,524.3,,1.035289269,1.402116507,
2016/5/31,531.39,517,,-0.463741737,-1.533634028,
2016/5/30,533.86,524.99,,1.439525278,2.117540478,
2016/5/29,526.23,513.99,,-0.721409587,0.604950717,
2016/5/28,530.04,510.89,,11.28850436,9.199012818,
2016/5/27,473.46,465.99,,4.333680582,3.059262042,
2016/5/26,453.38,451.95,,0.837232736,0.877832183,
2016/5/25,449.6,448,,0.808419061,0.510228024,
2016/5/24,445.98,445.72,,0.411176475,1.671890083,
2016/5/23,444.15,438.33,,1.09342663,0,
2016/5/22,439.32,438.33,,-0.877049508,-0.833783073,
2016/5/21,443.19,442,,0.115141061,-0.223731435,
2016/5/20,442.68,442.99,,0.900855886,0.677246951,
2016/5/19,438.71,440,,-3.562330264,-2.580064594,
2016/5/18,454.62,451.5,,0.184940608,-0.302973572,
2016/5/17,453.78,452.87,,-0.083705977,-0.110346056,
2016/5/16,454.16,453.37,,-0.748031961,-0.604736365,
2016/5/15,457.57,456.12,,0.416101516,0.430637393,
2016/5/14,455.67,454.16,,0,0.317572603,
2016/5/13,455.67,452.72,,0.197706668,0.022091148,
2016/5/12,454.77,452.62,,0.449587534,0.580533859,
2016/5/11,452.73,450,,0.407251398,-0.761537374,
2016/5/10,450.89,453.44,,-2.104601638,-1.325422227,
2016/5/9,460.48,459.49,,0.420008669,1.703252256,
2016/5/8,458.55,451.73,,0.002180811,-0.391061334,
2016/5/7,458.54,453.5,,-0.230901708,0.086034794,
2016/5/6,459.6,453.11,,2.560795741,1.3576327,
2016/5/5,447.98,447,,0.281658843,0.347358745,
2016/5/4,446.72,445.45,,-0.798202717,-0.911758534,
2016/5/3,450.3,449.53,,1.258159328,1.594293536,
2016/5/2,444.67,442.42,,-1.608422383,-1.3292216,
2016/5/1,451.88,448.34,,0.790939471,-0.084721205,
2016/4/30,448.32,448.72,,-1.500991187,-0.560026354,
2016/4/29,455.1,451.24,,1.347201581,0.988828154,
2016/4/28,449.01,446.8,,0.966774902,-0.738093014,
2016/4/27,444.69,450.11,,-4.700133833,-2.008095189,
2016/4/26,466.09,459.24,,1.004838539,0.732139688,
2016/4/25,461.43,455.89,,0.626102613,0.856937251,
2016/4/24,458.55,452,,1.819972552,1.630476964,
2016/4/23,450.28,444.69,,1.013378909,0.787912281,
2016/4/22,445.74,441.2,,-0.822204015,-1.384299861,
2016/4/21,449.42,447.35,,1.802902417,2.546971114,
2016/4/20,441.39,436.1,,1.341108024,0.544935416,
2016/4/19,435.51,433.73,,1.601700715,1.772469179,
2016/4/18,428.59,426.11,,0.27804081,0.143258089,
2016/4/17,427.4,425.5,,-0.738956939,-0.784225942,
2016/4/16,430.57,428.85,,0.199934972,0.032650777,
2016/4/15,429.71,428.71,,1.271694792,0.751575165,
2016/4/14,424.28,425.5,,0.12971547,-0.349564574,
2016/4/13,423.73,426.99,,-0.343966791,0.114822682,
2016/4/12,425.19,426.5,,0.639401945,0.824018789,
2016/4/11,422.48,423,,0.217999233,0.137209929,
2016/4/10,421.56,422.42,,0.51131543,0.291604147,
2016/4/9,419.41,421.19,,-0.223873581,0.702860785,
2016/4/8,420.35,418.24,,-0.566963528,-1.131674861,
2016/4/7,422.74,423,,-0.158364389,0.950125912,
2016/4/6,423.41,419,,-0.14632307,-1.35121174,
2016/4/5,424.03,424.7,,0.612678889,1.112832604,
2016/4/4,421.44,420,,0.128214278,0.384069939,
2016/4/3,420.9,418.39,,0.007127838,-0.276869642,
2016/4/2,420.87,419.55,,0.693826323,0.849744805,
2016/4/1,417.96,416,,0.294720409,-0.04806537,
2016/3/31,416.73,416.2,,0.459383888,0.447902114,
2016/3/30,414.82,414.34,,-0.408978846,-0.399836744,
2016/3/29,416.52,416,,-1.834128133,-2.257968775,
2016/3/28,424.23,425.5,,-0.596946544,0.329567153,
2016/3/27,426.77,424.1,,2.088341828,2.051072986,
2016/3/26,417.95,415.49,,0.184402481,-0.355573015,
2016/3/25,417.18,416.97,,0.189546226,-0.055144636,
2016/3/24,416.39,417.2,,-0.395480064,-0.35889499,
2016/3/23,418.04,418.7,,-0.011959863,-1.021750602,
2016/3/22,418.09,423,,1.149880363,1.9214148,
2016/3/21,413.31,414.95,,-0.108817886,0.856774688,
2016/3/20,413.76,411.41,,0.805634059,1.077709872,
2016/3/19,410.44,407,,0.217075903,-0.316452079,
2016/3/18,409.55,408.29,,-2.667081729,-2.577387483,
2016/3/17,420.62,418.95,,0.861961093,0.903941992,
2016/3/16,417.01,415.18,,0.043173751,-0.403827288,
2016/3/15,416.83,416.86,,0.093607121,0.731933734,
2016/3/14,416.44,413.82,,0.570735195,0.659460277,
2016/3/13,414.07,411.1,,0.593444801,0.333808772,
2016/3/12,411.62,409.73,,-2.416985329,-1.895378872,
2016/3/11,421.69,417.57,,1.087252312,0.523435694,
2016/3/10,417.13,415.39,,0.54568099,1.274365536,
2016/3/9,414.86,410.13,,0.214760649,-0.077993618,
2016/3/8,413.97,410.45,,-0.084511468,-0.507905198,
2016/3/7,414.32,412.54,,1.608248475,1.216954623,
2016/3/6,407.71,407.55,,1.76676046,2.328457477,
2016/3/5,400.57,398.17,,-2.555868568,-4.139947046,
2016/3/4,410.94,415,,-2.572836758,,
2016/3/3,421.65,,,-0.553428403,,
2016/3/2,423.99,,,-2.591198507,,
2016/3/1,435.12,,,-0.591188908,,
2016/2/29,437.7,,,0.964194798,,
2016/2/28,433.5,,,0.226322814,,
2016/2/27,432.52,,,0.085581788,,
2016/2/26,432.15,,,1.776652038,,
2016/2/25,424.54,,,-0.096528513,,
2016/2/24,424.95,,,0.995644924,,
2016/2/23,420.74,,,-3.963290546,,
2016/2/22,437.75,,,-0.239575724,,
2016/2/21,438.8,,,0.374446759,,
2016/2/20,437.16,,,3.816536393,,
2016/2/19,420.79,,,-0.374781026,,
2016/2/18,422.37,,,1.442751182,,
2016/2/17,416.32,,,2.143780282,,
2016/2/16,407.49,,,1.810194661,,
2016/2/15,400.18,,,-1.74636905,,
2016/2/14,407.23,,,3.847350325,,
2016/2/13,391.86,,,1.958522634,,
2016/2/12,384.26,,,1.206963114,,
2016/2/11,379.65,,,-0.525418259,,
2016/2/10,381.65,,,1.48350308,,
2016/2/9,376.03,,,0.688480064,,
2016/2/8,373.45,,,-0.845259475,,
2016/2/7,376.62,,,0.026555488,,
2016/2/6,376.52,,,-2.629005909,,
2016/2/5,386.55,,,-0.783367832,,
2016/2/4,389.59,,,5.172704272,,
2016/2/3,369.95,,,-1.209042132,,
2016/2/2,374.45,,,0.371901808,,
2016/2/1,373.06,,,1.156612115,,
2016/1/31,368.77,,,-2.540864639,,
2016/1/30,378.26,,,-0.319375247,,
2016/1/29,379.47,,,-0.215857723,,
2016/1/28,380.29,,,-3.787569309,,
2016/1/27,394.97,,,0.716539299,,
2016/1/26,392.15,,,0.107159269,,
2016/1/25,391.73,,,-2.828929052,,
2016/1/24,402.97,,,3.917207548,,
2016/1/23,387.49,,,1.298753287,,
2016/1/22,382.49,,,-7.008859592,,
2016/1/21,410.26,,,-2.401107538,,
2016/1/20,420.23,,,10.02362688,,
2016/1/19,380.15,,,-1.829796139,,
2016/1/18,387.17,,,1.265823236,,
2016/1/17,382.3,,,-1.361342857,,
2016/1/16,387.54,,,6.175901894,,
2016/1/15,364.33,,,-16.64458288,,
2016/1/14,430.31,,,-0.477582398,,
2016/1/13,432.37,,,-0.764927813,,
2016/1/12,435.69,,,-2.882161222,,
2016/1/11,448.43,,,0.098168277,,
2016/1/10,447.99,,,0.084859317,,
2016/1/9,447.61,,,-1.247740534,,
2016/1/8,453.23,,,-1.057862556,,
2016/1/7,458.05,,,6.526505214,,
2016/1/6,429.11,,,-0.661969505,,
2016/1/5,431.96,,,-0.261256723,,
2016/1/4,433.09,,,0.713709437,,
2016/1/3,430.01,,,-0.794491411,,
2016/1/2,433.44,,,-0.205123549,,
2016/1/1,434.33,,,0.869470155,,
2015/12/31,430.57,,,0.921622501,,
2015/12/30,426.62,,,-1.47978503,,
2015/12/29,432.98,,,2.502293644,,
2015/12/28,422.28,,,-0.127795545,,
2015/12/27,422.82,,,1.321306228,,
2015/12/26,417.27,,,-8.799147665,,
2015/12/25,455.65,,,0.1471509,,
2015/12/24,454.98,,,2.803901173,,
2015/12/23,442.4,,,1.326572123,,
2015/12/22,436.57,,,-0.473030212,,
2015/12/21,438.64,,,-0.91681303,,
2015/12/20,442.68,,,-4.341013061,,
2015/12/19,462.32,,,-0.280795916,,
2015/12/18,463.62,,,1.639701845,,
2015/12/17,456.08,,,0.252467176,,
2015/12/16,454.93,,,-2.258177999,,
2015/12/15,465.32,,,4.649545527,,
2015/12/14,444.18,,,2.373849993,,
2015/12/13,433.76,,,-0.285464534,,
2015/12/12,435,,,-3.820339657,,
2015/12/11,451.94,,,8.41149493,,
2015/12/10,415.48,,,-0.499376818,,
2015/12/9,417.56,,,0.480123834,,
2015/12/8,415.56,,,4.937508831,,
2015/12/7,395.54,,,1.723828896,,
2015/12/6,388.78,,,-0.043716972,,
2015/12/5,388.95,,,6.855222152,,
2015/12/4,363.18,,,0.588212623,,
2015/12/3,361.05,,,0.51649565,,
2015/12/2,359.19,,,-0.914539131,,
2015/12/1,362.49,,,-4.009674607,,
2015/11/30,377.32,,,1.611020536,,
2015/11/29,371.29,,,3.818378697,,
2015/11/28,357.38,,,-0.184507055,,
2015/11/27,358.04,,,1.508358178,,
2015/11/26,352.68,,,7.19074828,,
2015/11/25,328.21,,,2.517641383,,
2015/11/24,320.05,,,-0.932987642,,
2015/11/23,323.05,,,-0.460168511,,
2015/11/22,324.54,,,-0.733728559,,
2015/11/21,326.93,,,1.513242529,,
2015/11/20,322.02,,,-1.274374283,,
2015/11/19,326.15,,,-2.554850343,,
2015/11/18,334.59,,,-0.149325079,,
2015/11/17,335.09,,,1.303634946,,
2015/11/16,330.75,,,3.251069826,,
2015/11/15,320.17,,,-3.902007845,,
2015/11/14,332.91,,,-1.146863211,,
2015/11/13,336.75,,,-0.414876873,,
2015/11/12,338.15,,,8.343947019,,
2015/11/11,311.08,,,-7.94985492,,
2015/11/10,336.82,,,-12.13065663,,
2015/11/9,380.26,,,1.82853442,,
2015/11/8,373.37,,,-3.451023516,,
2015/11/7,386.48,,,3.156842731,,
2015/11/6,374.47,,,-3.123200144,,
2015/11/5,386.35,,,-6.321112313,,
2015/11/4,411.56,,,1.997661463,,
2015/11/3,403.42,,,11.05740672,,
2015/11/2,361.19,,,10.42567509,,
2015/11/1,325.43,,,3.521314408,,
2015/10/31,314.17,,,-4.314034146,,
2015/10/30,328.02,,,4.412755552,,
2015/10/29,313.86,,,2.988192842,,
2015/10/28,304.62,,,3.619987179,,
2015/10/27,293.79,,,2.932396818,,
2015/10/26,285.3,,,0.569441589,,
2015/10/25,283.68,,,0.718167699,,
2015/10/24,281.65,,,1.845434438,,
2015/10/23,276.5,,,0.900972454,,
2015/10/22,274.02,,,2.869026485,,
2015/10/21,266.27,,,-1.190912475,,
2015/10/20,269.46,,,2.259431826,,
2015/10/19,263.44,,,0.685612498,,
2015/10/18,261.64,,,-3.382001138,,
2015/10/17,270.64,,,2.912991108,,
2015/10/16,262.87,,,3.306629679,,
2015/10/15,254.32,,,0.920391242,,
2015/10/14,251.99,,,0.989040964,,
2015/10/13,249.51,,,1.697627771,,
2015/10/12,245.31,,,-0.706802845,,
2015/10/11,247.05,,,0.85774627,,
2015/10/10,244.94,,,0.413198371,,
2015/10/9,243.93,,,0.670467107,,
2015/10/8,242.3,,,-0.276135111,,
2015/10/7,242.97,,,-1.26374297,,
2015/10/6,246.06,,,2.335440411,,
2015/10/5,240.38,,,0.885849015,,
2015/10/4,238.26,,,-0.197069185,,
2015/10/3,238.73,,,0.605018441,,
2015/10/2,237.29,,,-0.109510583,,
2015/10/1,237.55,,,0.629211763,,
2015/9/30,236.06,,,-0.266525806,,
2015/9/29,236.69,,,-1.029788643,,
2015/9/28,239.14,,,2.70412747,,
2015/9/27,232.76,,,-0.676517245,,
2015/9/26,234.34,,,-0.34080292,,
2015/9/25,235.14,,,0.259756997,,
2015/9/24,234.53,,,1.828755167,,
2015/9/23,230.28,,,-0.147537454,,
2015/9/22,230.62,,,1.542491967,,
2015/9/21,227.09,,,-1.797997378,,
2015/9/20,231.21,,,-0.121028759,,
2015/9/19,231.49,,,-0.641593692,,
2015/9/18,232.98,,,1.36997324,,
2015/9/17,229.81,,,0.313794112,,
2015/9/16,229.09,,,-0.526786738,,
2015/9/15,230.3,,,-0.14752465,,
2015/9/14,230.64,,,0.056380789,,
2015/9/13,230.51,,,-2.026951347,,
2015/9/12,235.23,,,-2.053339276,,
2015/9/11,240.11,,,0.68117023,,
2015/9/10,238.48,,,0.130074496,,
2015/9/9,238.17,,,-2.258388149,,
2015/9/8,243.61,,,1.555485795,,
2015/9/7,239.85,,,0.004169359,,
2015/9/6,239.84,,,2.030141745,,
2015/9/5,235.02,,,2.028781008,,
2015/9/4,230.3,,,1.364015202,,
2015/9/3,227.18,,,-0.920130928,,
2015/9/2,229.28,,,0.507215779,,
2015/9/1,228.12,,,-0.846833818,,
2015/8/31,230.06,,,0.566672542,,
2015/8/30,228.76,,,-0.444891038,,
2015/8/29,229.78,,,-0.702548533,,
2015/8/28,231.4,,,2.90701576,,
2015/8/27,224.77,,,-0.470484667,,
2015/8/26,225.83,,,1.886342362,,
2015/8/25,221.61,,,5.148093415,,
2015/8/24,210.49,,,-8.06528191,,
2015/8/23,228.17,,,-0.968255994,,
2015/8/22,230.39,,,-0.941772988,,
2015/8/21,232.57,,,-1.188251286,,
2015/8/20,235.35,,,3.753443655,,
2015/8/19,226.68,,,7.130212276,,
2015/8/18,211.08,,,-20.0644854,,
2015/8/17,257.98,,,-0.205231538,,
2015/8/16,258.51,,,-1.16910919,,
2015/8/15,261.55,,,-1.566710725,,
2015/8/14,265.68,,,0.604048952,,
2015/8/13,264.08,,,-0.867177323,,
2015/8/12,266.38,,,-1.494150046,,
2015/8/11,270.39,,,2.213753792,,
2015/8/10,264.47,,,-0.23038439,,
2015/8/9,265.08,,,1.55112599,,
2015/8/8,261,,,-6.876806972,,
2015/8/7,279.58,,,0.358320578,,
2015/8/6,278.58,,,-1.17761772,,
2015/8/5,281.88,,,-1.177936385,,
2015/8/4,285.22,,,1.408797243,,
2015/8/3,281.23,,,-0.489501545,,
2015/8/2,282.61,,,0.358023104,,
2015/8/1,281.6,,,-1.077273111,,
2015/7/31,284.65,,,-1.07274296,,
2015/7/30,287.72,,,-0.647834453,,
2015/7/29,289.59,,,-1.657515431,,
2015/7/28,294.43,,,0.275486953,,
2015/7/27,293.62,,,0.317238587,,
2015/7/26,292.69,,,1.372594177,,
2015/7/25,288.7,,,0.145585661,,
2015/7/24,288.28,,,4.335022133,,
2015/7/23,276.05,,,-0.422940606,,
2015/7/22,277.22,,,0.502668087,,
2015/7/21,275.83,,,-1.135536075,,
2015/7/20,278.98,,,1.943635988,,
2015/7/19,273.61,,,-0.470366038,,
2015/7/18,274.9,,,-1.648755714,,
2015/7/17,279.47,,,0.495015,,
2015/7/16,278.09,,,-2.745242619,,
2015/7/15,285.83,,,-0.568649163,,
2015/7/14,287.46,,,-1.584130036,,
2015/7/13,292.05,,,-6.244979787,,
2015/7/12,310.87,,,5.882685318,,
2015/7/11,293.11,,,2.844482433,,
2015/7/10,284.89,,,5.653710798,,
2015/7/9,269.23,,,-0.577757987,,
2015/7/8,270.79,,,1.705814174,,
2015/7/7,266.21,,,-1.053742655,,
2015/7/6,269.03,,,-1.064823164,,
2015/7/5,271.91,,,4.137226664,,
2015/7/4,260.89,,,1.759417424,,
2015/7/3,256.34,,,0.36345912,,
2015/7/2,255.41,,,-1.248970577,,
2015/7/1,258.62,,,-1.706035359,,
2015/6/30,263.07,,,2.311063578,,
2015/6/29,257.06,,,3.181646438,,
2015/6/28,249.01,,,-0.79200414,,
2015/6/27,250.99,,,2.992661361,,
2015/6/26,243.59,,,0.32484249,,
2015/6/25,242.8,,,0.947639046,,
2015/6/24,240.51,,,-1.563530954,,
2015/6/23,244.3,,,-1.095087171,,
2015/6/22,246.99,,,1.242555656,,
2015/6/21,243.94,,,-0.519269285,,
2015/6/20,245.21,,,0.244988077,,
2015/6/19,244.61,,,-1.782795081,,
2015/6/18,249.01,,,-0.108370638,,
2015/6/17,249.28,,,-0.647769069,,
2015/6/16,250.9,,,5.775409447,,
2015/6/15,236.82,,,1.394699026,,
2015/6/14,233.54,,,0.489334367,,
2015/6/13,232.4,,,1.046767636,,
2015/6/12,229.98,,,0.117470483,,
2015/6/11,229.71,,,0.396938429,,
2015/6/10,228.8,,,-0.109206083,,
2015/6/9,229.05,,,0.244787463,,
2015/6/8,228.49,,,2.485893567,,
2015/6/7,222.88,,,-1.221865815,,
2015/6/6,225.62,,,0.297401289,,
2015/6/5,224.95,,,0.280455144,,
2015/6/4,224.32,,,-0.688600868,,
2015/6/3,225.87,,,0.030996081,,
2015/6/2,225.8,,,1.279183088,,
2015/6/1,222.93,,,-3.204723402,,
2015/5/31,230.19,,,-1.363441754,,
2015/5/30,233.35,,,-1.594252068,,
2015/5/29,237.1,,,-0.130661122,,
2015/5/28,237.41,,,0.05477259,,
2015/5/27,237.28,,,0.067453628,,
2015/5/26,237.12,,,0.004217363,,
2015/5/25,237.11,,,-1.606527461,,
2015/5/24,240.95,,,0.866997219,,
2015/5/23,238.87,,,-0.617672345,,
2015/5/22,240.35,,,2.10649173,,
2015/5/21,235.34,,,0.562469524,,
2015/5/20,234.02,,,0.888475059,,
2015/5/19,231.95,,,-0.507440669,,
2015/5/18,233.13,,,-1.561966512,,
2015/5/17,236.8,,,0.274870667,,
2015/5/16,236.15,,,-0.612139115,,
2015/5/15,237.6,,,0.282384863,,
2015/5/14,236.93,,,0.232405927,,
2015/5/13,236.38,,,-1.981258131,,
2015/5/12,241.11,,,-0.434540382,,
2015/5/11,242.16,,,0.771052197,,
2015/5/10,240.3,,,-0.634685722,,
2015/5/9,241.83,,,-0.835929017,,
2015/5/8,243.86,,,2.714271243,,
2015/5/7,237.33,,,3.232924828,,
2015/5/6,229.78,,,-2.721782095,,
2015/5/5,236.12,,,-1.220708007,,
2015/5/4,239.02,,,-0.559056903,,
2015/5/3,240.36,,,2.285020203,,
2015/5/2,234.93,,,1.220545762,,
2015/5/1,232.08,,,-1.738505653,,
2015/4/30,236.15,,,4.477325863,,
2015/4/29,225.81,,,-0.017712439,,
2015/4/28,225.85,,,-1.511651582,,
2015/4/27,229.29,,,4.395430288,,
2015/4/26,219.43,,,-3.122590069,,
2015/4/25,226.39,,,-2.13266834,,
2015/4/24,231.27,,,-2.21932013,,
2015/4/23,236.46,,,0.968901001,,
2015/4/22,234.18,,,-0.464374037,,
2015/4/21,235.27,,,4.627918662,,
2015/4/20,224.63,,,0.907816534,,
2015/4/19,222.6,,,-0.340838073,,
2015/4/18,223.36,,,0.215130954,,
2015/4/17,222.88,,,-2.520899912,,
2015/4/16,228.57,,,2.0955674,,
2015/4/15,223.83,,,2.108477848,,
2015/4/14,219.16,,,-2.447446105,,
2015/4/13,224.59,,,-5.019067863,,
2015/4/12,236.15,,,-0.169240574,,
2015/4/11,236.55,,,0.203123086,,
2015/4/10,236.07,,,-3.172751793,,
2015/4/9,243.68,,,-0.548395072,,
2015/4/8,245.02,,,-3.276085834,,
2015/4/7,253.18,,,-0.908257173,,
2015/4/6,255.49,,,-1.980339476,,
2015/4/5,260.6,,,2.683419809,,
2015/4/4,253.7,,,-0.244085,,
2015/4/3,254.32,,,0.516430296,,
2015/4/2,253.01,,,2.294815662,,
2015/4/1,247.27,,,1.241139861,,
2015/3/31,244.22,,,-1.346232838,,
2015/3/30,247.53,,,1.966447177,,
2015/3/29,242.71,,,-4.073134726,,
2015/3/28,252.8,,,2.308887553,,
2015/3/27,247.03,,,-0.605377585,,
2015/3/26,248.53,,,0.941934885,,
2015/3/25,246.2,,,0.244001748,,
2015/3/24,245.6,,,-8.257020492,,
2015/3/23,266.74,,,-0.456331445,,
2015/3/22,267.96,,,3.007916451,,
2015/3/21,260.02,,,-0.663129862,,
2015/3/20,261.75,,,0.313767763,,
2015/3/19,260.93,,,1.790353875,,
2015/3/18,256.3,,,-10.79284214,,
2015/3/17,285.51,,,-1.763628423,,
2015/3/16,290.59,,,1.455882071,,
2015/3/15,286.39,,,1.583759436,,
2015/3/14,281.89,,,-1.216452777,,
2015/3/13,285.34,,,-3.108808379,,
2015/3/12,294.35,,,-0.687287929,,
2015/3/11,296.38,,,1.571086826,,
2015/3/10,291.76,,,0.73963562,,
2015/3/9,289.61,,,5.41305268,,
2015/3/8,274.35,,,-0.693778777,,
2015/3/7,276.26,,,1.289682344,,
2015/3/6,272.72,,,-1.260719923,,
2015/3/5,276.18,,,1.125141587,,
2015/3/4,273.09,,,-3.10412637,,
2015/3/3,281.7,,,2.16381767,,
2015/3/2,275.67,,,5.77539321,,
2015/3/1,260.2,,,2.309320056,,
2015/2/28,254.26,,,0.169261392,,
2015/2/27,253.83,,,7.101257057,,
2015/2/26,236.43,,,-0.438911867,,
2015/2/25,237.47,,,-0.533379396,,
2015/2/24,238.74,,,-0.062810127,,
2015/2/23,238.89,,,1.225613927,,
2015/2/22,235.98,,,-3.55909451,,
2015/2/21,244.53,,,0.307182155,,
2015/2/20,243.78,,,1.446126925,,
2015/2/19,240.28,,,1.657577659,,
2015/2/18,236.33,,,-3.03394525,,
2015/2/17,243.61,,,4.093146509,,
2015/2/16,233.84,,,-0.41821424,,
2015/2/15,234.82,,,-9.150118334,,
2015/2/14,257.32,,,8.890681719,,
2015/2/13,235.43,,,5.981791336,,
2015/2/12,221.76,,,1.170240597,,
2015/2/11,219.18,,,-0.3006699,,
2015/2/10,219.84,,,-0.122741236,,
2015/2/9,220.11,,,-1.4881227,,
2015/2/8,223.41,,,-1.923988775,,
2015/2/7,227.75,,,2.435567704,,
2015/2/6,222.27,,,2.348872155,,
2015/2/5,217.11,,,-4.388486856,,
2015/2/4,226.85,,,-0.184973188,,
2015/2/3,227.27,,,-4.709785559,,
2015/2/2,238.23,,,4.841874342,,
2015/2/1,226.97,,,4.280292459,,
2015/1/31,217.46,,,-4.042092081,,
2015/1/30,226.43,,,-3.078905636,,
2015/1/29,233.51,,,-0.171152325,,
2015/1/28,233.91,,,-11.90410378,,
2015/1/27,263.48,,,-3.721446286,,
2015/1/26,273.47,,,7.496062987,,
2015/1/25,253.72,,,2.34075723,,
2015/1/24,247.85,,,6.230042503,,
2015/1/23,232.88,,,-0.22732644,,
2015/1/22,233.41,,,2.828717205,,
2015/1/21,226.9,,,7.113581949,,
2015/1/20,211.32,,,-1.661308094,,
2015/1/19,214.86,,,2.126138415,,
2015/1/18,210.34,,,5.411476448,,
2015/1/17,199.26,,,-4.340822878,,
2015/1/16,208.1,,,-0.832660216,,
2015/1/15,209.84,,,16.40001453,,
2015/1/14,178.1,,,-23.7570148,,
2015/1/13,225.86,,,-17.0325095,,
2015/1/12,267.8,,,0.802313755,,
2015/1/11,265.66,,,-3.382626464,,
2015/1/10,274.8,,,-5.525015727,,
2015/1/9,290.41,,,2.4610835,,
2015/1/8,283.35,,,-3.805267912,,
2015/1/7,294.34,,,2.807963583,,
2015/1/6,286.19,,,4.181396055,,
2015/1/5,274.47,,,3.813557327,,
2015/1/4,264.2,,,-6.193293424,,
2015/1/3,281.08,,,-11.40285461,,
2015/1/2,315.03,,,0.247902492,,
2015/1/1,314.25,,,-1.872572212,,
2014/12/31,320.19,,,2.995801993,,
2014/12/30,310.74,,,-0.61917716,,
2014/12/29,312.67,,,-1.451026395,,
2014/12/28,317.24,,,0.435950777,,
2014/12/27,315.86,,,-3.747059875,,
2014/12/26,327.92,,,2.754722594,,
2014/12/25,319.01,,,-1.097370491,,
2014/12/24,322.53,,,-3.664997007,,
2014/12/23,334.57,,,0.804253652,,
2014/12/22,331.89,,,3.386103222,,
2014/12/21,320.84,,,-2.802887849,,
2014/12/20,329.96,,,3.742332349,,
2014/12/19,317.84,,,2.046985211,,
2014/12/18,311.4,,,-2.655499996,,
2014/12/17,319.78,,,-2.251038095,,
2014/12/16,327.06,,,-5.441475523,,
2014/12/15,345.35,,,-1.802109087,,
2014/12/14,351.63,,,1.216020478,,
2014/12/13,347.38,,,-1.474480937,,
2014/12/12,352.54,,,0.577485425,,
2014/12/11,350.51,,,1.191054016,,
2014/12/10,346.36,,,-1.677728379,,
2014/12/9,352.22,,,-2.713958176,,
2014/12/8,361.91,,,-3.579709496,,
2014/12/7,375.1,,,0.082678798,,
2014/12/6,374.79,,,-0.548136118,,
2014/12/5,376.85,,,1.942589052,,
2014/12/4,369.6,,,-1.453135251,,
2014/12/3,375.01,,,-1.668622534,,
2014/12/2,381.32,,,0.546966758,,
2014/12/1,379.24,,,0.314278805,,
2014/11/30,378.05,,,0.679462231,,
2014/11/29,375.49,,,-0.255339661,,
2014/11/28,376.45,,,1.817452052,,
2014/11/27,369.67,,,0.352284793,,
2014/11/26,368.37,,,-1.877105618,,
2014/11/25,375.35,,,-0.412097625,,
2014/11/24,376.9,,,2.506612357,,
2014/11/23,367.57,,,4.067237435,,
2014/11/22,352.92,,,0.588262066,,
2014/11/21,350.85,,,-1.972717743,,
2014/11/20,357.84,,,-6.153161559,,
2014/11/19,380.55,,,1.415835758,,
2014/11/18,375.2,,,-3.202434662,,
2014/11/17,387.41,,,-0.121244968,,
2014/11/16,387.88,,,3.076118512,,
2014/11/15,376.13,,,-5.606481336,,
2014/11/14,397.82,,,-5.59916561,,
2014/11/13,420.73,,,-0.670388279,,
2014/11/12,423.56,,,14.14277923,,
2014/11/11,367.7,,,0.212354767,,
2014/11/10,366.92,,,1.002500932,,
2014/11/9,363.26,,,5.015513209,,
2014/11/8,345.49,,,0.892564545,,
2014/11/7,342.42,,,-1.986446894,,
2014/11/6,349.29,,,2.845803123,,
2014/11/5,339.49,,,2.686808984,,
2014/11/4,330.49,,,0.893568647,,
2014/11/3,327.55,,,0.508081406,,
2014/11/2,325.89,,,0.042968511,,
2014/11/1,325.75,,,-3.786197716,,
2014/10/31,338.32,,,-2.042141123,,
2014/10/30,345.3,,,2.852342762,,
2014/10/29,335.59,,,-6.358079338,,
2014/10/28,357.62,,,1.303124223,,
2014/10/27,352.99,,,-0.483263386,,
2014/10/26,354.7,,,2.116978641,,
2014/10/25,347.27,,,-3.140758707,,
2014/10/24,358.35,,,-0.019532068,,
2014/10/23,358.42,,,-6.67471734,,
2014/10/22,383.16,,,-0.862746373,,
2014/10/21,386.48,,,0.943685269,,
2014/10/20,382.85,,,-1.734895922,,
2014/10/19,389.55,,,-0.48400202,,
2014/10/18,391.44,,,1.981488979,,
2014/10/17,383.76,,,0.313185348,,
2014/10/16,382.56,,,-3.141781312,,
2014/10/15,394.77,,,-1.533386839,,
2014/10/14,400.87,,,2.643971625,,
2014/10/13,390.41,,,3.084930442,,
2014/10/12,378.55,,,4.387556665,,
2014/10/11,362.3,,,0.204459497,,
2014/10/10,361.56,,,-0.955153906,,
2014/10/9,365.03,,,3.368147117,,
2014/10/8,352.94,,,4.862159448,,
2014/10/7,336.19,,,1.834142701,,
2014/10/6,330.08,,,2.94215722,,
2014/10/5,320.51,,,-2.574905878,,
2014/10/4,328.87,,,-8.907945729,,
2014/10/3,359.51,,,-4.237068203,,
2014/10/2,375.07,,,-2.251373627,,
2014/10/1,383.61,,,-0.864323076,,
2014/9/30,386.94,,,3.009106771,,
2014/9/29,375.47,,,-0.454395255,,
2014/9/28,377.18,,,-5.754129945,,
2014/9/27,399.52,,,-1.219011538,,
2014/9/26,404.42,,,-1.75251731,,
2014/9/25,411.57,,,-2.786576554,,
2014/9/24,423.2,,,-2.93155954,,
2014/9/23,435.79,,,8.033532259,,
2014/9/22,402.15,,,0.831496607,,
2014/9/21,398.82,,,-2.496044009,,
2014/9/20,408.9,,,3.509131981,,
2014/9/19,394.8,,,-7.239134545,,
2014/9/18,424.44,,,-7.463457796,,
2014/9/17,457.33,,,-1.890915024,,
2014/9/16,466.06,,,-1.977906698,,
2014/9/15,475.37,,,-0.52871323,,
2014/9/14,477.89,,,-0.232001693,,
2014/9/13,479,,,0.261301429,,
2014/9/12,477.75,,,-0.417755177,,
2014/9/11,479.75,,,0.0813254,,
2014/9/10,479.36,,,0.858985818,,
2014/9/9,475.26,,,0.13896787,,
2014/9/8,474.6,,,-1.605251425,,
2014/9/7,482.28,,,-0.527345578,,
2014/9/6,484.83,,,0.307797427,,
2014/9/5,483.34,,,-1.299093295,,
2014/9/4,489.66,,,2.495864887,,
2014/9/3,477.59,,,0.033507152,,
2014/9/2,477.43,,,0.535541178,,
2014/9/1,474.88,,,-0.604637381,,
2014/8/31,477.76,,,-5.396366248,,
2014/8/30,504.25,,,-0.843236925,,
2014/8/29,508.52,,,0.1377492,,
2014/8/28,507.82,,,-0.653603512,,
2014/8/27,511.15,,,-0.082133922,,
2014/8/26,511.57,,,1.788878849,,
2014/8/25,502.5,,,-1.14565109,,
2014/8/24,508.29,,,2.029144414,,
2014/8/23,498.08,,,-3.154037675,,
2014/8/22,514.04,,,-0.620589999,,
2014/8/21,517.24,,,1.022142165,,
2014/8/20,511.98,,,5.364194787,,
2014/8/19,485.24,,,5.024823761,,
2014/8/18,461.46,,,-6.367675349,,
2014/8/17,491.8,,,-5.519883392,,
2014/8/16,519.71,,,4.466081708,,
2014/8/15,497.01,,,-1.786723237,,
2014/8/14,505.97,,,-7.734965796,,
2014/8/13,546.66,,,-4.11775454,,
2014/8/12,569.64,,,-1.174523323,,
2014/8/11,576.37,,,-2.516771951,,
2014/8/10,591.06,,,0.286336531,,
2014/8/9,589.37,,,-0.54317152,,
2014/8/8,592.58,,,0.628043877,,
2014/8/7,588.87,,,0.719206863,,
2014/8/6,584.65,,,-0.135032368,,
2014/8/5,585.44,,,-0.568889818,,
2014/8/4,588.78,,,0.359011828,,
2014/8/3,586.67,,,-0.452381724,,
2014/8/2,589.33,,,-0.944064432,,
2014/8/1,594.92,,,1.471473868,,
2014/7/31,586.23,,,3.284156722,,
2014/7/30,567.29,,,-3.026246335,,
2014/7/29,584.72,,,-0.165753919,,
2014/7/28,585.69,,,-1.383612286,,
2014/7/27,593.85,,,-0.329506207,,
2014/7/26,595.81,,,-0.882284945,,
2014/7/25,601.09,,,-0.106416598,,
2014/7/24,601.73,,,-2.895857235,,
2014/7/23,619.41,,,-0.344894617,,
2014/7/22,621.55,,,-0.10612981,,
2014/7/21,622.21,,,-0.271244278,,
2014/7/20,623.9,,,-0.737775021,,
2014/7/19,628.52,,,-0.041358467,,
2014/7/18,628.78,,,0.909046336,,
2014/7/17,623.09,,,1.014614838,,
2014/7/16,616.8,,,-0.773588916,,
2014/7/15,621.59,,,0.365860946,,
2014/7/14,619.32,,,-1.152667239,,
2014/7/13,626.5,,,-1.144266221,,
2014/7/12,633.71,,,0.27020424,,
2014/7/11,632,,,2.440942484,,
2014/7/10,616.76,,,-1.248737294,,
2014/7/9,624.51,,,-0.049626601,,
2014/7/8,624.82,,,0.116901952,,
2014/7/7,624.09,,,-1.860518783,,
2014/7/6,635.81,,,0.686517804,,
2014/7/5,631.46,,,0.122014039,,
2014/7/4,630.69,,,-2.26838899,,
2014/7/3,645.16,,,-0.882694537,,
2014/7/2,650.88,,,1.559229229,,
2014/7/1,640.81,,,0.157737361,,
2014/6/30,639.8,,,5.970288357,,
2014/6/29,602.72,,,1.028968362,,
2014/6/28,596.55,,,-0.118946915,,
2014/6/27,597.26,,,2.736083779,,
2014/6/26,581.14,,,2.579708712,,
2014/6/25,566.34,,,-2.789420864,,
2014/6/24,582.36,,,-1.975683556,,
2014/6/23,593.98,,,-1.386020098,,
2014/6/22,602.27,,,1.216125106,,
2014/6/21,594.99,,,0.141278595,,
2014/6/20,594.15,,,-0.657599122,,
2014/6/19,598.07,,,-1.640128637,,
2014/6/18,607.96,,,-0.475871002,,
2014/6/17,610.86,,,3.104027101,,
2014/6/16,592.19,,,-0.12656841,,
2014/6/15,592.94,,,2.662722468,,
2014/6/14,577.36,,,-3.873029757,,
2014/6/13,600.16,,,2.225664901,,
2014/6/12,586.95,,,-7.55623799,,
2014/6/11,633.02,,,-3.130479471,,
2014/6/10,653.15,,,0.612759248,,
2014/6/9,649.16,,,-1.069496136,,
2014/6/8,656.14,,,0.178474775,,
2014/6/7,654.97,,,0.194090244,,
2014/6/6,653.7,,,-0.846946325,,
2014/6/5,659.26,,,2.71373514,,
2014/6/4,641.61,,,-3.970854932,,
2014/6/3,667.6,,,1.051040378,,
2014/6/2,660.62,,,4.709395588,,
2014/6/1,630.23,,,1.044741581,,
2014/5/31,623.68,,,1.347870706,,
2014/5/30,615.33,,,7.972043933,,
2014/5/29,568.18,,,-1.550797731,,
2014/5/28,577.06,,,1.013681065,,
2014/5/27,571.24,,,-2.109790206,,
2014/5/26,583.42,,,2.048538749,,
2014/5/25,571.59,,,8.475705744,,
2014/5/24,525.14,,,0.941309468,,
2014/5/23,520.22,,,-0.834614339,,
2014/5/22,524.58,,,6.458681491,,
2014/5/21,491.77,,,1.237880133,,
2014/5/20,485.72,,,8.490986814,,
2014/5/19,446.18,,,-0.017928376,,
2014/5/18,446.26,,,-0.589840398,,
2014/5/17,448.9,,,0.187299377,,
2014/5/16,448.06,,,0.180942963,,
2014/5/15,447.25,,,0.736072981,,
2014/5/14,443.97,,,0.746069657,,
2014/5/13,440.67,,,-0.17911197,,
2014/5/12,441.46,,,0.583860351,,
2014/5/11,438.89,,,-3.479507415,,
2014/5/10,454.43,,,1.099702417,,
2014/5/9,449.46,,,2.088584626,,
2014/5/8,440.17,,,0.307170972,,
2014/5/7,438.82,,,2.272563173,,
2014/5/6,428.96,,,-1.048198457,,
2014/5/5,433.48,,,-0.67135949,,
2014/5/4,436.4,,,-0.311156104,,
2014/5/3,437.76,,,-2.619803998,,
2014/5/2,449.38,,,-1.847617432,,
2014/5/1,457.76,,,2.235569135,,
2014/4/30,447.64,,,0.0961055,,
2014/4/29,447.21,,,1.559468223,,
2014/4/28,440.29,,,0.889726178,,
2014/4/27,436.39,,,-4.964203148,,
2014/4/26,458.6,,,-0.619533529,,
2014/4/25,461.45,,,-8.115396977,,
2014/4/24,500.46,,,1.847273631,,
2014/4/23,491.3,,,0.690348119,,
2014/4/22,487.92,,,-1.596065151,,
2014/4/21,495.77,,,-0.482927473,,
2014/4/20,498.17,,,-0.680179468,,
2014/4/19,501.57,,,4.470735641,,
2014/4/18,479.64,,,-3.34594558,,
2014/4/17,495.96,,,-6.146399561,,
2014/4/16,527.4,,,2.264739792,,
2014/4/15,515.59,,,11.6719287,,
2014/4/14,458.79,,,10.25816982,,
2014/4/13,414.06,,,-1.690693784,,
2014/4/12,421.12,,,0.040376691,,
2014/4/11,420.95,,,14.21236791,,
2014/4/10,365.18,,,-19.25697207,,
2014/4/9,442.73,,,-2.313067782,,
2014/4/8,453.09,,,0.81329187,,
2014/4/7,449.42,,,-2.435499315,,
2014/4/6,460.5,,,-0.305721121,,
2014/4/5,461.91,,,3.162649234,,
2014/4/4,447.53,,,0.629870393,,
2014/4/3,444.72,,,1.719136072,,
2014/4/2,437.14,,,-9.015188582,,
2014/4/1,478.38,,,4.572200485,,
2014/3/31,457,,,-0.712988292,,
2014/3/30,460.27,,,-6.497702624,,
2014/3/29,491.17,,,-0.912008267,,
2014/3/28,495.67,,,5.054286434,,
2014/3/27,471.24,,,-20.90905967,,
2014/3/26,580.83,,,-0.530587207,,
2014/3/25,583.92,,,0.087378896,,
2014/3/24,583.41,,,3.868812502,,
2014/3/23,561.27,,,-0.669445194,,
2014/3/22,565.04,,,-1.135046017,,
2014/3/21,571.49,,,-2.978862976,,
2014/3/20,588.77,,,-3.524299801,,
2014/3/19,609.89,,,-0.806719379,,
2014/3/18,614.83,,,-1.218896436,,
2014/3/17,622.37,,,-1.394540263,,
2014/3/16,631.11,,,-0.790705097,,
2014/3/15,636.12,,,1.157398367,,
2014/3/14,628.8,,,-1.474445389,,
2014/3/13,638.14,,,0.951008553,,
2014/3/12,632.1,,,-0.317483149,,
2014/3/11,634.11,,,1.001672532,,
2014/3/10,627.79,,,-1.450114361,,
2014/3/9,636.96,,,3.110876569,,
2014/3/8,617.45,,,-1.877160847,,
2014/3/7,629.15,,,-5.370158183,,
2014/3/6,663.86,,,-0.248238015,,
2014/3/5,665.51,,,-0.190649241,,
2014/3/4,666.78,,,-0.146867112,,
2014/3/3,667.76,,,17.63671141,,
2014/3/2,559.79,,,-1.034308137,,
2014/3/1,565.61,,,2.933287702,,
2014/2/28,549.26,,,-5.233324429,,
2014/2/27,578.77,,,-0.675015047,,
2014/2/26,582.69,,,7.847791979,,
2014/2/25,538.71,,,-1.402749193,,
2014/2/24,546.32,,,-10.33780276,,
2014/2/23,605.82,,,0.066048019,,
2014/2/22,605.42,,,5.301432893,,
2014/2/21,574.16,,,3.188804201,,
2014/2/20,556.14,,,-11.35746106,,
2014/2/19,623.03,,,-0.57137068,,
2014/2/18,626.6,,,0.05267905,,
2014/2/17,626.27,,,1.551241984,,
2014/2/16,616.63,,,-5.411757862,,
2014/2/15,650.92,,,-1.686370329,,
2014/2/14,661.99,,,8.96253765,,
2014/2/13,605.24,,,-7.398994825,,
2014/2/12,651.72,,,-3.089626289,,
2014/2/11,672.17,,,-1.309507332,,
2014/2/10,681.03,,,-0.274207792,,
2014/2/9,682.9,,,1.323702646,,
2014/2/8,673.92,,,-5.552814191,,
2014/2/7,712.4,,,-9.263957593,,
2014/2/6,781.55,,,-3.811036924,,
2014/2/5,811.91,,,-1.957534746,,
2014/2/4,827.96,,,0.500064609,,
2014/2/3,823.83,,,-0.18675727,,
2014/2/2,825.37,,,-0.869754269,,
2014/2/1,832.58,,,0.320000273,,
2014/1/31,829.92,,,1.320859738,,
2014/1/30,819.03,,,-0.84740603,,
2014/1/29,826,,,1.64665517,,
2014/1/28,812.51,,,5.193413957,,
2014/1/27,771.39,,,-13.77098969,,
2014/1/26,885.28,,,3.642956414,,
2014/1/25,853.61,,,6.853191071,,
2014/1/24,797.07,,,-3.084655138,,
2014/1/23,822.04,,,-2.824555289,,
2014/1/22,845.59,,,-2.143398815,,
2014/1/21,863.91,,,-0.725447357,,
2014/1/20,870.2,,,-0.087298129,,
2014/1/19,870.96,,,3.619415974,,
2014/1/18,840,,,3.065559397,,
2014/1/17,814.64,,,-2.543963352,,
2014/1/16,835.63,,,-2.979242228,,
2014/1/15,860.9,,,3.262063436,,
2014/1/14,833.27,,,-0.947172453,,
2014/1/13,841.2,,,-2.584013945,,
2014/1/12,863.22,,,-5.710628209,,
2014/1/11,913.95,,,5.103130816,,
2014/1/10,868.48,,,2.520916547,,
2014/1/9,846.86,,,0.4900636,,
2014/1/8,842.72,,,4.952614787,,
2014/1/7,802,,,-17.28105517,,
2014/1/6,953.29,,,2.094605998,,
2014/1/5,933.53,,,8.261064016,,
2014/1/4,859.51,,,4.862031437,,
2014/1/3,818.72,,,2.01473711,,
2014/1/2,802.39,,,3.938772818,,
2014/1/1,771.4,,,2.280141525,,
2013/12/31,754.01,,,-0.280768855,,
2013/12/30,756.13,,,1.476198885,,
2013/12/29,745.05,,,2.338382578,,
2013/12/28,727.83,,,-0.989822833,,
2013/12/27,735.07,,,-3.595457585,,
2013/12/26,761.98,,,11.05827803,,
2013/12/25,682.21,,,2.467868736,,
2013/12/24,665.58,,,-1.169551565,,
2013/12/23,673.41,,,8.719364107,,
2013/12/22,617.18,,,1.884194304,,
2013/12/21,605.66,,,-3.19447462,,
2013/12/20,625.32,,,-10.12646318,,
2013/12/19,691.96,,,28.05204648,,
2013/12/18,522.7,,,-26.61979097,,
2013/12/17,682.12,,,-3.436714823,,
2013/12/16,705.97,,,-21.59303242,,
2013/12/15,876.12,,,0.402580717,,
2013/12/14,872.6,,,-2.26388848,,
2013/12/13,892.58,,,2.18828104,,
2013/12/12,873.26,,,-0.595980619,,
2013/12/11,878.48,,,-11.80056176,,
2013/12/10,988.51,,,10.13994347,,
2013/12/9,893.19,,,11.53634683,,
2013/12/8,795.87,,,13.08872945,,
2013/12/7,698.23,,,-17.22142692,,
2013/12/6,829.45,,,-23.11145915,,
2013/12/5,1045.11,,,-9.665667345,,
2013/12/4,1151.17,,,6.541163747,,
2013/12/3,1078.28,,,3.294965803,,
2013/12/2,1043.33,,,8.7571803,,
2013/12/1,955.85,,,-16.68673627,,
2013/11/30,1129.43,,,-0.224639698,,
2013/11/29,1131.97,,,9.250926139,,
2013/11/28,1031.95,,,2.949213457,,
2013/11/27,1001.96,,,7.657387509,,
2013/11/26,928.1,,,14.96408772,,
2013/11/25,799.11,,,3.160378953,,
2013/11/24,774.25,,,-2.998818924,,
2013/11/23,797.82,,,3.362410989,,
2013/11/22,771.44,,,6.563836872,,
2013/11/21,722.43,,,20.10922015,,
2013/11/20,590.83,,,1.058336973,,
2013/11/19,584.61,,,-18.52082025,,
2013/11/18,703.56,,,35.7450892,,
2013/11/17,492.11,,,11.14276668,,
2013/11/16,440.22,,,5.191279381,,
2013/11/15,417.95,,,-0.536898027,,
2013/11/14,420.2,,,3.100892503,,
2013/11/13,407.37,,,12.27015851,,
2013/11/12,360.33,,,5.092381836,,
2013/11/11,342.44,,,4.729904423,,
2013/11/10,326.62,,,-3.752712287,,
2013/11/9,339.11,,,0.29532522,,
2013/11/8,338.11,,,13.16276553,,
2013/11/7,296.41,,,12.1492549,,
2013/11/6,262.5,,,6.801375914,,
2013/11/5,245.24,,,6.807873344,,
2013/11/4,229.1,,,6.328803023,,
2013/11/3,215.05,,,4.192699914,,
2013/11/2,206.22,,,0.019398642,,
2013/11/1,206.18,,,1.062957982,,
2013/10/31,204,,,1.995263855,,
2013/10/30,199.97,,,-2.186257816,,
2013/10/29,204.39,,,2.898897588,,
2013/10/28,198.55,,,1.068391641,,
2013/10/27,196.44,,,10.24010313,,
2013/10/26,177.32,,,-5.149347737,,
2013/10/25,186.69,,,-5.997848545,,
2013/10/24,198.23,,,-7.477076296,,
2013/10/23,213.62,,,9.757845586,,
2013/10/22,193.76,,,6.146041174,,
2013/10/21,182.21,,,4.260495253,,
2013/10/20,174.61,,,1.262155475,,
2013/10/19,172.42,,,10.03337967,,
2013/10/18,155.96,,,6.4282078,,
2013/10/17,146.25,,,2.562467075,,
2013/10/16,142.55,,,-1.869473119,,
2013/10/15,145.24,,,3.303771915,,
2013/10/14,140.52,,,1.715455669,,
2013/10/13,138.13,,,2.151407434,,
2013/10/12,135.19,,,3.224752346,,
2013/10/11,130.9,,,0.237102868,,
2013/10/10,130.59,,,-0.076546238,,
2013/10/9,130.69,,,3.654619966,,
2013/10/8,126,,,-0.743262693,,
2013/10/7,126.94,,,-1.609787048,,
2013/10/6,129,,,0.349447065,,
2013/10/5,128.55,,,-0.357198703,,
2013/10/4,129.01,,,4.259668672,,
2013/10/3,123.63,,,7.995508445,,
2013/10/2,114.13,,,-14.68264805,,
2013/10/1,132.18,,,-0.618449818,,
2013/9/30,133,,,-3.211047497,,
2013/9/29,137.34,,,1.881578367,,
2013/9/28,134.78,,,0.744715983,,
2013/9/27,133.78,,,4.120204381,,
2013/9/26,128.38,,,0.124707732,,
2013/9/25,128.22,,,0.759388313,,
2013/9/24,127.25,,,1.026865263,,
2013/9/23,125.95,,,-2.485720172,,
2013/9/22,129.12,,,1.31750103,,
2013/9/21,127.43,,,0.306519673,,
2013/9/20,127.04,,,-2.033651449,,
2013/9/19,129.65,,,-1.394017672,,
2013/9/18,131.47,,,-0.144415333,,
2013/9/17,131.66,,,-0.045561547,,
2013/9/16,131.72,,,1.030189583,,
2013/9/15,130.37,,,0.886018354,,
2013/9/14,129.22,,,-4.361024119,,
2013/9/13,134.98,,,1.380052487,,
2013/9/12,133.13,,,-1.579882328,,
2013/9/11,135.25,,,7.155755171,,
2013/9/10,125.91,,,-0.948548729,,
2013/9/9,127.11,,,4.382258441,,
2013/9/8,121.66,,,-2.026024306,,
2013/9/7,124.15,,,4.110730841,,
2013/9/6,119.15,,,-5.930559178,,
2013/9/5,126.43,,,-0.244894857,,
2013/9/4,126.74,,,-7.6162939,,
2013/9/3,136.77,,,0.674934702,,
2013/9/2,135.85,,,-1.81630873,,
2013/9/1,138.34,,,2.185040711,,
2013/8/31,135.35,,,1.383744739,,
2013/8/30,133.49,,,8.681390127,,
2013/8/29,122.39,,,-0.187747494,,
2013/8/28,122.62,,,-3.115216583,,
2013/8/27,126.5,,,5.225069034,,
2013/8/26,120.06,,,-1.693066002,,
2013/8/25,122.11,,,1.709725727,,
2013/8/24,120.04,,,1.291206,,
2013/8/23,118.5,,,-2.211648669,,
2013/8/22,121.15,,,-1.759096291,,
2013/8/21,123.3,,,1.709583169,,
2013/8/20,121.21,,,1.840108537,,
2013/8/19,119,,,4.732065619,,
2013/8/18,113.5,,,0,,
2013/8/17,113.5,,,4.054670202,,
2013/8/16,108.99,,,-0.913331767,,
2013/8/15,109.99,,,-2.309696024,,
2013/8/14,112.56,,,3.213853058,,
2013/8/13,109,,,2.188920636,,
2013/8/12,106.64,,,1.549832571,,
2013/8/11,105,,,1.923136193,,
2013/8/10,103,,,0.194363521,,
2013/8/9,102.8,,,-0.194363521,,
2013/8/8,103,,,-3.576066388,,
2013/8/7,106.75,,,0,,
2013/8/6,106.75,,,0.497723711,,
2013/8/5,106.22,,,1.02196196,,
2013/8/4,105.14,,,1.090189625,,
2013/8/3,104,,,-0.479617226,,
2013/8/2,104.5,,,0.479617226,,
2013/8/1,104,,,-1.989689133,,
2013/7/31,106.09,,,-1.775083977,,
2013/7/30,107.99,,,6.493987339,,
2013/7/29,101.2,,,1.433145548,,
2013/7/28,99.76,,,5.819673751,,
2013/7/27,94.12,,,-1.998593924,,
2013/7/26,96.02,,,-0.912301579,,
2013/7/25,96.9,,,2.497386989,,
2013/7/24,94.51,,,-1.104867345,,
2013/7/23,95.56,,,4.221388643,,
2013/7/22,91.61,,,0.932177612,,
2013/7/21,90.76,,,1.520984081,,
2013/7/20,89.39,,,-3.062587891,,
2013/7/19,92.17,,,1.740125988,,
2013/7/18,90.58,,,-8.382311005,,
2013/7/17,98.5,,,1.071712222,,
2013/7/16,97.45,,,-0.97013781,,
2013/7/15,98.4,,,3.843240606,,
2013/7/14,94.69,,,-3.568473222,,
2013/7/13,98.13,,,4.736959005,,
2013/7/12,93.59,,,5.051191479,,
2013/7/11,88.98,,,2.526593942,,
2013/7/10,86.76,,,12.33743642,,
2013/7/9,76.69,,,0.22191772,,
2013/7/8,76.52,,,2.594797419,,
2013/7/7,74.56,,,5.911690706,,
2013/7/6,70.28,,,2.667593835,,
2013/7/5,68.43,,,-16.28184608,,
2013/7/4,80.53,,,3.796482758,,
2013/7/3,77.53,,,-15.05881143,,
2013/7/2,90.13,,,2.334823763,,
2013/7/1,88.05,,,-9.277742059,,
2013/6/30,96.61,,,1.691063263,,
2013/6/29,94.99,,,0.358574525,,
2013/6/28,94.65,,,-6.928161303,,
2013/6/27,101.44,,,-2.492340845,,
2013/6/26,104,,,0.048088484,,
2013/6/25,103.95,,,1.170848926,,
2013/6/24,102.74,,,-4.621912269,,
2013/6/23,107.6,,,-0.648450628,,
2013/6/22,108.3,,,-1.101939525,,
2013/6/21,109.5,,,-0.591852399,,
2013/6/20,110.15,,,1.739970637,,
2013/6/19,108.25,,,0.788318481,,
2013/6/18,107.4,,,5.453287902,,
2013/6/17,101.7,,,2.176916143,,
2013/6/16,99.51,,,-0.481203936,,
2013/6/15,99.99,,,0.0100015,,
2013/6/14,99.98,,,-3.942073316,,
2013/6/13,104,,,-3.912825326,,
2013/6/12,108.15,,,-0.691087754,,
2013/6/11,108.9,,,2.369448829,,
2013/6/10,106.35,,,6.156535566,,
2013/6/9,100,,,-7.973496802,,
2013/6/8,108.3,,,-2.911943689,,
2013/6/7,111.5,,,-5.666003357,,
2013/6/6,118,,,-3.046344476,,
2013/6/5,121.65,,,0.189245953,,
2013/6/4,121.42,,,-0.656708976,,
2013/6/3,122.22,,,-0.057257373,,
2013/6/2,122.29,,,-5.574001258,,
2013/6/1,129.3,,,0.232288142,,
2013/5/31,129,,,0.155159069,,
2013/5/30,128.8,,,-2.681125745,,
2013/5/29,132.3,,,2.525966676,,
2013/5/28,129,,,-0.572004342,,
2013/5/27,129.74,,,-2.84192061,,
2013/5/26,133.48,,,1.130125793,,
2013/5/25,131.98,,,-0.920136215,,
2013/5/24,133.2,,,5.002967078,,
2013/5/23,126.7,,,2.24280122,,
2013/5/22,123.89,,,0.818580573,,
2013/5/21,122.88,,,0.718722467,,
2013/5/20,122,,,0.008197057,,
2013/5/19,121.99,,,-1.230208191,,
2013/5/18,123.5,,,0.397550319,,
2013/5/17,123.01,,,3.516100299,,
2013/5/16,118.76,,,3.897823666,,
2013/5/15,114.22,,,2.410182234,,
2013/5/14,111.5,,,-5.649052767,,
2013/5/13,117.98,,,2.558299021,,
2013/5/12,115,,,-0.208478185,,
2013/5/11,115.24,,,-1.686496693,,
2013/5/10,117.2,,,3.941868497,,
2013/5/9,112.67,,,-0.795619473,,
2013/5/8,113.57,,,1.8394796,,
2013/5/7,111.5,,,-0.714927084,,
2013/5/6,112.3,,,-3.164016616,,
2013/5/5,115.91,,,2.986080626,,
2013/5/4,112.5,,,14.05400228,,
2013/5/3,97.75,,,-7.354515395,,
2013/5/2,105.21,,,-10.61301082,,
2013/5/1,116.99,,,-17.23854721,,
2013/4/30,139,,,-3.908235272,,
2013/4/29,144.54,,,7.415054845,,
2013/4/28,134.21,,,,,
