Date,Coinbase,Exmo,Binance,ln(coinbase),ln(exmo),ln(binance),return coinbase,return exmo,return binance,,ln(coinbase),e,return coinbase,h,ln(exmo),f,return exmo,i,ln(binance),g,return binance,j
2019/4/26,5279.35,5345.3,5306.17,8.571558263,8.583972949,8.576625573,1.312332523,1.323899076,1.639204978,,N,617,N,616,N,617,N,616,N,617,N,616
2019/4/25,5210.52,5275,5219.9,8.558434938,8.570733958,8.560233524,-4.766067476,-3.757882644,-3.669463583,,MEAN,8.760298063,MEAN,0.038658909,MEAN,8.770001011,MEAN,0.042539859,MEAN,8.75409939,MEAN,0.041533107
2019/4/24,5464.87,5477,5415,8.606095613,8.608312785,8.596928159,-1.947832898,-1.529057122,-1.435810778,,SD,0.410557394,SD,4.438697236,SD,0.412538175,SD,3.992398649,SD,0.40773447,SD,4.497534038
2019/4/23,5572.36,5561.39,5493.31,8.625573942,8.623603356,8.611286267,3.153638249,2.514359076,2.510073764,,MAX,9.878036402,MAX,22.5118998,MAX,9.867860375,MAX,19.02351397,MAX,9.857582871,MAX,20.29522152
2019/4/22,5399.37,5423.3,5357.14,8.594037559,8.598459765,8.58618553,1.583770119,1.596396968,1.903333353,,MIN,8.056727927,MIN,-20.75298087,MIN,8.099378136,MIN,-18.02786169,MIN,8.067468939,MIN,-21.68803084
2019/4/21,5314.53,5337.41,5256.14,8.578199858,8.582495796,8.567152196,-0.438586489,-0.17315503,-0.674830749,,KURT,-0.367273956,KURT,3.599692081,KURT,-0.367715737,KURT,4.097022096,KURT,-0.434020026,KURT,3.436645182
2019/4/20,5337.89,5346.66,5291.73,8.582585723,8.584227346,8.573900504,0.640501358,0.62438993,0.626517986,,SKEW,0.39193826,SKEW,-0.041293042,SKEW,0.438076558,SKEW,-0.037527799,SKEW,0.34505618,SKEW,-0.256299739
2019/4/19,5303.81,5313.38,5258.68,8.576180709,8.577983447,8.567635324,0.10224294,0.331411402,0.004563987,,,,,,,,,,,,,
2019/4/18,5298.39,5295.8,5258.44,8.57515828,8.574669333,8.567589684,0.880546867,0.661383961,1.063361853,,,,,,,,,,,,,
2019/4/17,5251.94,5260.89,5202.82,8.566352811,8.568055493,8.556956065,0.312372125,0.813045194,0.560882072,,,,,,,,,,,,,
2019/4/16,5235.56,5218.29,5173.72,8.56322909,8.559925041,8.551347245,3.270317555,2.657310809,2.917646192,,,,,,,,,,,,,
2019/4/15,5067.11,5081.45,5024.95,8.530525914,8.533351933,8.522170783,-1.966095009,-2.186317646,-2.094353474,,,,,,,,,,,,,
2019/4/14,5167.72,5193.77,5131.3,8.550186864,8.555215109,8.543114317,1.38598968,0.940141987,1.6917778,,,,,,,,,,,,,
2019/4/13,5096.59,5145.17,5045.22,8.536326968,8.54581369,8.526196539,0.138423545,0.107731809,-0.055284583,,,,,,,,,,,,,
2019/4/12,5089.54,5139.63,5048.01,8.534942732,8.544736371,8.526749385,0.493401158,0.799352588,0.608821418,,,,,,,,,,,,,
2019/4/11,5064.49,5098.71,5017.37,8.530008721,8.536742846,8.520661171,-5.007475937,-4.498261699,-5.635632204,,,,,,,,,,,,,
2019/4/10,5324.55,5333.3,5308.25,8.58008348,8.581725463,8.577017493,2.271618386,1.874279499,3.02654994,,,,,,,,,,,,,
2019/4/9,5204.96,5234.27,5150,8.557367296,8.562982668,8.546751994,-1.616274955,-1.204915076,-1.673300554,,,,,,,,,,,,,
2019/4/8,5289.77,5297.72,5236.9,8.573530046,8.575031818,8.563484999,1.732770192,2.4175637,1.280480869,,,,,,,,,,,,,
2019/4/7,5198.9,5171.18,5170.27,8.556202344,8.550856181,8.550680191,2.71161552,2.074676462,2.474730175,,,,,,,,,,,,,
2019/4/6,5059.82,5065,5043.89,8.529086189,8.530109417,8.525932889,0.458377468,0.92210608,0.775018707,,,,,,,,,,,,,
2019/4/5,5036.68,5018.51,5004.95,8.524502414,8.520888356,8.518182702,2.286966055,2.798785703,2.146572438,,,,,,,,,,,,,
2019/4/4,4922.8,4880,4898.66,8.501632753,8.492900499,8.496716977,-1.014982713,-1.51873646,-0.690453407,,,,,,,,,,,,,
2019/4/3,4973.02,4954.68,4932.6,8.51178258,8.508087863,8.503621511,1.890667204,2.93216203,1.538556318,,,,,,,,,,,,,
2019/4/2,4879.88,4811.51,4857.29,8.492875908,8.478766243,8.488235948,16.00431509,14.35362727,15.86840383,,,,,,,,,,,,,
2019/4/1,4158.18,4168.16,4144.56,8.332832758,8.33522997,8.32955191,1.277429824,0.784468873,0.98467064,,,,,,,,,,,,,
2019/3/31,4105.4,4135.59,4103.95,8.320058459,8.327385282,8.319705204,-0.030686576,-0.34759219,-0.073560579,,,,,,,,,,,,,
2019/3/30,4106.66,4149.99,4106.97,8.320365325,8.330861204,8.320440809,0.202071237,-0.144714864,0.090618772,,,,,,,,,,,,,
2019/3/29,4098.37,4156,4103.25,8.318344613,8.332308352,8.319534622,0.716503136,2.06103644,1.85565387,,,,,,,,,,,,,
2019/3/28,4069.11,4071.22,4027.81,8.311179581,8.311697988,8.300978083,-0.440402959,-0.439197016,-0.253909825,,,,,,,,,,,,,
2019/3/27,4087.07,4089.14,4038.05,8.315583611,8.316089958,8.303517181,2.527094459,2.101084796,2.241347927,,,,,,,,,,,,,
2019/3/26,3985.08,4004.12,3948.55,8.290312666,8.29507911,8.281103702,0.553840988,0.173972208,0.315295638,,,,,,,,,,,,,
2019/3/25,3963.07,3997.16,3936.12,8.284774256,8.293339388,8.277950746,-1.480258055,-1.391024763,-1.414198108,,,,,,,,,,,,,
2019/3/24,4022.17,4053.15,3992.18,8.299576837,8.307249636,8.292092727,-0.339042271,-0.29685857,-0.345828588,,,,,,,,,,,,,
2019/3/23,4035.83,4065.2,4006.01,8.30296726,8.310218221,8.295551012,0.294300319,0.128243173,0.477422231,,,,,,,,,,,,,
2019/3/22,4023.97,4059.99,3986.93,8.300024256,8.30893579,8.29077679,-0.133113153,-0.147920465,0.15789008,,,,,,,,,,,,,
2019/3/21,4029.33,4066,3980.64,8.301355388,8.310414994,8.289197889,-1.432853421,-1.319344816,-1.555180047,,,,,,,,,,,,,
2019/3/20,4087.48,4120,4043.03,8.315683922,8.323608442,8.30474969,0.399330323,0.65871819,1.097508756,,,,,,,,,,,,,
2019/3/19,4071.19,4092.95,3998.9,8.311690619,8.31702126,8.293774602,0.954632915,0.607025646,0.277711526,,,,,,,,,,,,,
2019/3/18,4032.51,4068.18,3987.81,8.30214429,8.310951004,8.290997487,0.180695877,0.15178,0.167399759,,,,,,,,,,,,,
2019/3/17,4025.23,4062.01,3981.14,8.300337331,8.309433204,8.289323489,-0.58211996,-0.31928217,-0.622003428,,,,,,,,,,,,,
2019/3/16,4048.73,4075,4005.98,8.306158531,8.312626026,8.295543524,2.192945485,2.233343445,2.073786697,,,,,,,,,,,,,
2019/3/15,3960.91,3985,3923.76,8.284229076,8.290292591,8.274805657,0.926796805,0.730389848,1.195776778,,,,,,,,,,,,,
2019/3/14,3924.37,3956,3877.12,8.274961108,8.282988693,8.262847889,0.450768153,-0.069237906,0.287222919,,,,,,,,,,,,,
2019/3/13,3906.72,3958.74,3866,8.270453426,8.283681072,8.25997566,-0.062436989,-0.063383921,-0.431813368,,,,,,,,,,,,,
2019/3/12,3909.16,3961.25,3882.73,8.271077796,8.284314911,8.264293793,0.100583675,0.335051045,0.286807327,,,,,,,,,,,,,
2019/3/11,3905.23,3948,3871.61,8.270071959,8.280964401,8.26142572,-1.180387978,-0.93633218,-1.160965889,,,,,,,,,,,,,
2019/3/10,3951.6,3985.14,3916.82,8.281875839,8.290327722,8.273035379,-0.295897453,-0.293660948,-0.667189931,,,,,,,,,,,,,
2019/3/9,3963.31,3996.86,3943.04,8.284834814,8.293264332,8.279707278,1.581327996,1.342771998,2.001877831,,,,,,,,,,,,,
2019/3/8,3901.13,3943.55,3864.89,8.269021534,8.279836612,8.2596885,-0.264956424,-0.107966191,-0.226141237,,,,,,,,,,,,,
2019/3/7,3911.48,3947.81,3873.64,8.271671098,8.280916274,8.261949912,0.192951942,0.687038118,0.305087962,,,,,,,,,,,,,
2019/3/6,3903.94,3920.78,3861.84,8.269741579,8.274045893,8.258899033,0.193838262,-0.313730541,0.106482625,,,,,,,,,,,,,
2019/3/5,3896.38,3933.1,3857.73,8.267803196,8.277183198,8.257834207,3.521415198,2.537061564,3.761949898,,,,,,,,,,,,,
2019/3/4,3761.56,3834.57,3715.3,8.232589044,8.251812582,8.220214708,-2.250664741,-2.18455571,-2.45790349,,,,,,,,,,,,,
2019/3/3,3847.18,3919.26,3807.75,8.255095691,8.273658139,8.244793742,-0.447119371,-0.2583882,-0.319363433,,,,,,,,,,,,,
2019/3/2,3864.42,3929.4,3819.93,8.259566885,8.276242021,8.247987377,0.125323683,-0.164266698,-0.080335687,,,,,,,,,,,,,
2019/3/1,3859.58,3935.86,3823,8.258313648,8.277884688,8.248790734,0.124183844,0.576117867,0.243823034,,,,,,,,,,,,,
2019/2/28,3854.79,3913.25,3813.69,8.25707181,8.27212351,8.246352503,0.097069243,-0.057991231,-0.114783496,,,,,,,,,,,,,
2019/2/27,3851.05,3915.52,3818.07,8.256101117,8.272703422,8.247500338,-0.085913669,0.117294572,0.231799037,,,,,,,,,,,,,
2019/2/26,3854.36,3910.93,3809.23,8.256960254,8.271530476,8.245182348,-0.732581284,-0.579763498,-0.489450575,,,,,,,,,,,,,
2019/2/25,3882.7,3933.67,3827.92,8.264286067,8.277328111,8.250076854,1.878874425,1.373767873,2.228454439,,,,,,,,,,,,,
2019/2/24,3810.43,3880,3743.56,8.245497323,8.263590433,8.227792309,-8.356466863,-6.980010572,-9.527229585,,,,,,,,,,,,,
2019/2/23,4142.53,4160.5,4117.76,8.329061991,8.333390538,8.323064605,3.363080595,2.815370885,3.856037791,,,,,,,,,,,,,
2019/2/22,4005.53,4045,3962,8.295431185,8.305236829,8.284504227,1.291783305,1.568227718,0.625119926,,,,,,,,,,,,,
2019/2/21,3954.12,3982.06,3937.31,8.282513352,8.289554552,8.278253028,-1.149128681,-1.134656274,-0.820285235,,,,,,,,,,,,,
2019/2/20,3999.82,4027.5,3969.74,8.294004639,8.300901115,8.28645588,1.327076156,1.47324484,1.572860456,,,,,,,,,,,,,
2019/2/19,3947.09,3968.6,3907.79,8.280733878,8.286168667,8.270727276,0.798193178,0.985030058,0.235448248,,,,,,,,,,,,,
2019/2/18,3915.71,3929.7,3898.6,8.272751946,8.276318366,8.268372793,6.375923019,4.601556057,6.108547031,,,,,,,,,,,,,
2019/2/17,3673.84,3752.97,3667.58,8.208992716,8.230302805,8.207287323,1.206264122,1.001004534,1.349734119,,,,,,,,,,,,,
2019/2/16,3629.79,3715.59,3618.41,8.196930074,8.22029276,8.193789982,0.247703765,1.096802211,0.441498152,,,,,,,,,,,,,
2019/2/15,3620.81,3675.06,3602.47,8.194453037,8.209324738,8.189375,0.108598196,0.19119996,0.331154211,,,,,,,,,,,,,
2019/2/14,3616.88,3668.04,3590.56,8.193367055,8.207412738,8.186063458,-0.419095793,-0.55434338,-0.523337435,,,,,,,,,,,,,
2019/2/13,3632.07,3688.43,3609.4,8.197558013,8.212956172,8.191296833,-0.589108984,-0.042556479,-0.609321773,,,,,,,,,,,,,
2019/2/12,3653.53,3690,3631.46,8.203449103,8.213381737,8.19739005,0.139688545,0.382301658,0.011290862,,,,,,,,,,,,,
2019/2/11,3648.43,3675.92,3631.05,8.202052217,8.20955872,8.197277142,-1.138100917,-1.559625762,-1.340719375,,,,,,,,,,,,,
2019/2/10,3690.19,3733.7,3680.06,8.213433226,8.225154978,8.210684335,0.515936314,0.651877727,0.405160903,,,,,,,,,,,,,
2019/2/9,3671.2,3709.44,3665.18,8.208273863,8.218636201,8.206632726,0.120469135,0.388142309,0.167662944,,,,,,,,,,,,,
2019/2/8,3666.78,3695.07,3659.04,8.207069172,8.214754778,8.204956097,7.569435563,6.383386627,7.38960853,,,,,,,,,,,,,
2019/2/7,3399.47,3466.57,3398.4,8.131374816,8.150920911,8.131060012,-0.419771533,-0.164580623,-0.20488648,,,,,,,,,,,,,
2019/2/6,3413.77,3472.28,3405.37,8.135572531,8.152566718,8.133108876,-1.528779958,-1.714627115,-1.925910484,,,,,,,,,,,,,
2019/2/5,3466.36,3532.33,3471.59,8.150860331,8.169712989,8.152367981,0.208215788,0.676341373,0.241391013,,,,,,,,,,,,,
2019/2/4,3459.15,3508.52,3463.22,8.148778173,8.162949575,8.149954071,-0.140398338,0.126058466,0.147659508,,,,,,,,,,,,,
2019/2/3,3464.01,3504.1,3458.11,8.150182157,8.16168899,8.148477476,-1.633520311,-1.360526641,-1.340270074,,,,,,,,,,,,,
2019/2/2,3521.06,3552.1,3504.77,8.16651736,8.175294257,8.161880177,0.944790956,0.30168487,1.225822172,,,,,,,,,,,,,
2019/2/1,3487.95,3541.4,3462.07,8.15706945,8.172277408,8.149621955,0.868451441,1.154204141,0.811179347,,,,,,,,,,,,,
2019/1/31,3457.79,3500.76,3434.1,8.148384936,8.160735367,8.141510162,-0.81769242,-0.71839962,-0.698755651,,,,,,,,,,,,,
2019/1/30,3486.18,3526,3458.18,8.15656186,8.167919363,8.148497718,1.09774259,0.683841668,1.372520898,,,,,,,,,,,,,
2019/1/29,3448.12,3501.97,3411.04,8.145584434,8.161080946,8.134772509,-0.645511357,-1.023592844,-0.675221223,,,,,,,,,,,,,
2019/1/28,3470.45,3538,3434.15,8.152039548,8.171316875,8.141524721,-3.218685599,-2.925141225,-3.341475286,,,,,,,,,,,,,
2019/1/27,3583.97,3643.02,3550.84,8.184226404,8.200568287,8.174939474,-0.514582089,-0.846253513,-0.404998242,,,,,,,,,,,,,
2019/1/26,3602.46,3673.98,3565.25,8.189372224,8.209030822,8.178989457,0.07469909,0.081143861,-0.001121935,,,,,,,,,,,,,
2019/1/25,3599.77,3671,3565.29,8.188625234,8.208219383,8.179000676,-0.03055284,-0.248125583,-0.121375057,,,,,,,,,,,,,
2019/1/24,3600.87,3680.12,3569.62,8.188930762,8.210700639,8.180214427,0.438353664,0.078288955,0.471749321,,,,,,,,,,,,,
2019/1/23,3585.12,3677.24,3552.82,8.184547225,8.20991775,8.175496933,-0.54133128,-0.630547487,-0.508441173,,,,,,,,,,,,,
2019/1/22,3604.58,3700.5,3570.93,8.189960538,8.216223225,8.180581345,0.795201256,1.100479824,1.240676792,,,,,,,,,,,,,
2019/1/21,3576.03,3660,3526.9,8.182008526,8.205218426,8.168174577,-0.696111513,-0.544960477,-0.350401848,,,,,,,,,,,,,
2019/1/20,3601.01,3680,3539.28,8.188969641,8.210668031,8.171678596,-3.481042046,-2.977511485,-3.498687075,,,,,,,,,,,,,
2019/1/19,3728.57,3791.22,3665.3,8.223780061,8.240443146,8.206665466,1.915197287,1.57650205,1.940235819,,,,,,,,,,,,,
2019/1/18,3657.84,3731.92,3594.87,8.204628088,8.224678126,8.187263108,-0.564856199,-0.688422158,-0.591868688,,,,,,,,,,,,,
2019/1/17,3678.56,3757.7,3616.21,8.21027665,8.231562347,8.193181795,0.642254208,0.913223942,0.676191005,,,,,,,,,,,,,
2019/1/16,3655.01,3723.54,3591.84,8.203854108,8.222430108,8.186419885,0.667887062,0.364834292,1.085540198,,,,,,,,,,,,,
2019/1/15,3630.68,3709.98,3553.06,8.197175238,8.218781765,8.175564483,-2.054666085,-2.202531395,-2.034572873,,,,,,,,,,,,,
2019/1/14,3706.05,3792.6,3626.09,8.217721898,8.240807079,8.195910212,4.218837508,4.381915145,4.203972604,,,,,,,,,,,,,
2019/1/13,3552.95,3630,3476.81,8.175533523,8.196987927,8.153870486,-3.004003128,-3.145595575,-3.012151339,,,,,,,,,,,,,
2019/1/12,3661.3,3746,3583.13,8.205573555,8.228443883,8.183991999,-0.70951912,-0.505925723,-0.506094805,,,,,,,,,,,,,
2019/1/11,3687.37,3765,3601.31,8.212668746,8.23350314,8.189052947,0.229423596,-0.052841282,0.429375701,,,,,,,,,,,,,
2019/1/10,3678.92,3766.99,3585.88,8.21037451,8.234031553,8.18475919,-9.246141755,-8.087408093,-10.09179986,,,,,,,,,,,,,
2019/1/9,4035.3,4084.3,3966.65,8.302835927,8.314905634,8.285677189,0.110337657,-0.224266612,0.29084393,,,,,,,,,,,,,
2019/1/8,4030.85,4093.47,3955.13,8.301732551,8.3171483,8.282768749,0.139025109,0.199785609,-0.512447878,,,,,,,,,,,,,
2019/1/7,4025.25,4085.3,3975.45,8.3003423,8.315150444,8.287893228,-1.268364597,-1.489355632,-0.305159692,,,,,,,,,,,,,
2019/1/6,4076.63,4146.6,3987.6,8.313025946,8.330044,8.290944825,5.844765015,5.869508294,5.585993521,,,,,,,,,,,,,
2019/1/5,3845.19,3910.22,3770.96,8.254578296,8.271348917,8.23508489,-0.325331882,-0.758708491,-0.556661057,,,,,,,,,,,,,
2019/1/4,3857.72,3940,3792.01,8.257831614,8.278936002,8.240651501,0.545328769,1.042470731,0.667569643,,,,,,,,,,,,,
2019/1/3,3836.74,3899.14,3766.78,8.252378327,8.268511295,8.233975804,-2.742278353,-2.903223438,-2.407353179,,,,,,,,,,,,,
2019/1/2,3943.41,4014,3858.56,8.27980111,8.297543529,8.258049336,2.565721785,1.765366741,1.604590509,,,,,,,,,,,,,
2019/1/1,3843.52,3943.76,3797.14,8.254143892,8.279889862,8.242003431,2.658133729,3.341412596,2.513185535,,,,,,,,,,,,,
2018/12/31,3742.7,3814.16,3702.9,8.227562555,8.246475736,8.216871575,-3.240017134,-3.626014421,-2.63872756,,,,,,,,,,,,,
2018/12/30,3865.95,3955,3801.91,8.259962726,8.28273588,8.243258851,1.184970074,2.577303168,2.843641787,,,,,,,,,,,,,
2018/12/29,3820.41,3854.37,3695.32,8.248113026,8.256962849,8.214822433,-2.673340743,-3.363082661,-3.821248553,,,,,,,,,,,,,
2018/12/28,3923.92,3986.2,3839.26,8.274846433,8.290593675,8.253034919,7.104157364,6.375011093,7.329964951,,,,,,,,,,,,,
2018/12/27,3654.83,3740.01,3567.91,8.203804859,8.226843564,8.179735269,-5.391787637,-5.141708319,-5.714595705,,,,,,,,,,,,,
2018/12/26,3857.3,3937.34,3777.74,8.257722736,8.278260647,8.236881226,1.089836,0.824758511,0.849340458,,,,,,,,,,,,,
2018/12/25,3815.49,3905,3745.79,8.246824376,8.270013062,8.228387822,-6.668469542,-6.277640614,-6.766231614,,,,,,,,,,,,,
2018/12/24,4078.6,4158,4008.01,8.313509071,8.332789468,8.296050138,1.971446367,3.126781348,1.972922698,,,,,,,,,,,,,
2018/12/23,3998.98,4030,3929.71,8.293794608,8.301521655,8.276320911,-0.379376382,-1.47785941,-0.487395966,,,,,,,,,,,,,
2018/12/22,4014.18,4090,3948.91,8.297588371,8.316300249,8.28119487,2.974411255,3.812595809,2.83162441,,,,,,,,,,,,,
2018/12/21,3896.54,3937,3838.66,8.267844259,8.278174291,8.252878626,-5.926291017,-6.103034267,-5.349970219,,,,,,,,,,,,,
2018/12/20,4134.44,4184.76,4049.62,8.327107169,8.339204634,8.306378329,9.867663368,10.38705013,10.05535286,,,,,,,,,,,,,
2018/12/19,3745.95,3771.9,3662.22,8.228430535,8.235334132,8.2058248,1.340786895,1.031307858,0.252624806,,,,,,,,,,,,,
2018/12/18,3696.06,3733.2,3652.98,8.215022666,8.225021054,8.203298552,4.148666165,4.243384144,4.018937799,,,,,,,,,,,,,
2018/12/17,3545.86,3578.1,3509.08,8.173536005,8.182587212,8.163109174,8.625226485,8.320907658,8.328360713,,,,,,,,,,,,,
2018/12/16,3252.84,3292.42,3228.67,8.08728374,8.099378136,8.079825567,0.495563144,-0.03158272,0.526366855,,,,,,,,,,,,,
2018/12/15,3236.76,3293.46,3211.72,8.082328108,8.099693963,8.074561898,-0.176563964,-0.70919279,-0.38689336,,,,,,,,,,,,,
2018/12/14,3242.48,3316.9,3224.17,8.084093748,8.106785891,8.078430832,-2.172088518,-2.973236135,-2.387096336,,,,,,,,,,,,,
2018/12/13,3313.68,3417,3302.06,8.105814633,8.136518252,8.102301795,-5.096807432,-4.098071766,-4.237738833,,,,,,,,,,,,,
2018/12/12,3486.95,3559.94,3445,8.156782708,8.17749897,8.144679183,1.80456721,0.91599558,1.618543268,,,,,,,,,,,,,
2018/12/11,3424.59,3527.48,3389.69,8.138737036,8.168339014,8.128493751,-2.254092332,-0.755189491,-1.266108723,,,,,,,,,,,,,
2018/12/10,3502.66,3554.22,3432.88,8.161277959,8.175890909,8.141154838,-3.13561517,-3.128734443,-3.224296788,,,,,,,,,,,,,
2018/12/9,3614.23,3667.18,3545.37,8.192634111,8.207178253,8.173397806,3.896497907,3.401458299,3.865754551,,,,,,,,,,,,,
2018/12/8,3476.11,3544.54,3410.93,8.153669131,8.17316367,8.13474026,1.629084541,0.202205121,0.216597683,,,,,,,,,,,,,
2018/12/7,3419.94,3537.38,3403.55,8.137378286,8.171141619,8.132574284,-2.915043373,-3.698786658,-3.044084414,,,,,,,,,,,,,
2018/12/6,3521.1,3670.67,3508.75,8.16652872,8.208129486,8.163015128,-6.404583354,-5.803495092,-7.177271155,,,,,,,,,,,,,
2018/12/5,3753.99,3890,3769.84,8.230574553,8.266164437,8.234787839,-5.263908884,-5.194834971,-4.709812238,,,,,,,,,,,,,
2018/12/4,3956.89,4097.42,3951.64,8.283213642,8.318112786,8.281885962,1.598807209,1.815563001,1.726255753,,,,,,,,,,,,,
2018/12/3,3894.13,4023.7,3884.01,8.26722557,8.299957156,8.264623404,-6.119651082,-5.391914025,-6.888970818,,,,,,,,,,,,,
2018/12/2,4139.88,4246.61,4161.01,8.328422081,8.353876297,8.333513112,-1.790449466,-1.349350544,-0.694767393,,,,,,,,,,,,,
2018/12/1,4214.67,4304.3,4190.02,8.346326576,8.367369802,8.340460786,4.796872912,3.711842436,3.322595402,,,,,,,,,,,,,
2018/11/30,4017.27,4147.46,4053.09,8.298357846,8.330251378,8.307234832,-6.308171444,-6.044845313,-5.816755939,,,,,,,,,,,,,
2018/11/29,4278.85,4405.9,4295.84,8.361439561,8.390699831,8.365402392,0.502093889,0.703803199,0.724010223,,,,,,,,,,,,,
2018/11/28,4257.42,4375,4264.85,8.356418622,8.383661799,8.358162289,10.82244565,10.7190761,9.580715545,,,,,,,,,,,,,
2018/11/27,3820.72,3930.3,3875.21,8.248194166,8.276471038,8.262355134,1.094506212,0.786998349,0.336288558,,,,,,,,,,,,,
2018/11/26,3779.13,3899.49,3862.2,8.237249103,8.268601054,8.258992248,-5.928993558,-5.014119836,-5.627568325,,,,,,,,,,,,,
2018/11/25,4009.97,4100,4085.78,8.296539039,8.318742253,8.315267932,3.275274925,2.015542123,3.825255419,,,,,,,,,,,,,
2018/11/24,3880.76,4018.19,3932.44,8.26378629,8.298586831,8.277015377,-11.34802458,-10.95389824,-11.70175973,,,,,,,,,,,,,
2018/11/23,4347.11,4483.35,4420.61,8.377266535,8.408125814,8.394032975,-0.432225898,-0.303997294,1.151468651,,,,,,,,,,,,,
2018/11/22,4365.94,4497,4370,8.381588794,8.411165787,8.382518288,-5.269441591,-6.060526232,-6.448202641,,,,,,,,,,,,,
2018/11/21,4602.17,4777.97,4661.07,8.43428321,8.471771049,8.447000314,3.320369876,3.101407655,2.217244324,,,,,,,,,,,,,
2018/11/20,4451.87,4632.06,4558.86,8.401079512,8.440756973,8.424827871,-9.00756125,-7.219323012,-7.42074595,,,,,,,,,,,,,
2018/11/19,4871.49,4978.83,4910.03,8.491155124,8.512950203,8.499035331,-14.35615137,-15.67048147,-14.24971349,,,,,,,,,,,,,
2018/11/18,5623.54,5823.49,5662,8.634716638,8.669655017,8.641532466,1.238355509,0.369705268,0.597152069,,,,,,,,,,,,,
2018/11/17,5554.33,5802,5628.29,8.622333083,8.665957965,8.635560945,-0.381316343,-0.861497322,-0.490065434,,,,,,,,,,,,,
2018/11/16,5575.55,5852.2,5655.94,8.626146246,8.674572938,8.640461599,-1.29158446,-1.080907873,-1.708466407,,,,,,,,,,,,,
2018/11/15,5648.03,5915.8,5753.4,8.639062091,8.685382017,8.657546263,-1.586490077,-0.915369003,-2.895247624,,,,,,,,,,,,,
2018/11/14,5738.35,5970.2,5922.41,8.654926992,8.694535707,8.68649874,-10.27764729,-8.843131466,-8.652356242,,,,,,,,,,,,,
2018/11/13,6359.49,6522.2,6457.66,8.757703464,8.782967021,8.773022302,-0.185063631,0.463031024,0.071103651,,,,,,,,,,,,,
2018/11/12,6371.27,6492.07,6453.07,8.759554101,8.778336711,8.772311266,-0.625855746,-0.521276608,0.050531355,,,,,,,,,,,,,
2018/11/11,6411.27,6526,6449.81,8.765812658,8.783549477,8.771805952,0.031980057,0.039848576,0.260190819,,,,,,,,,,,,,
2018/11/10,6409.22,6523.4,6433.05,8.765492858,8.783150991,8.769204044,0.368899131,0.778229613,0.203220475,,,,,,,,,,,,,
2018/11/9,6385.62,6472.83,6419.99,8.761803866,8.775368695,8.767171839,-1.060812139,-0.958953477,-0.927925863,,,,,,,,,,,,,
2018/11/8,6453.72,6535.2,6479.84,8.772411988,8.78495823,8.776451098,-1.177167383,-0.683179429,-1.510485669,,,,,,,,,,,,,
2018/11/7,6530.14,6580,6578.46,8.784183662,8.791790024,8.791555954,1.064273025,0.748386141,0.906281184,,,,,,,,,,,,,
2018/11/6,6461.01,6530.94,6519.11,8.773540931,8.784306163,8.782493143,0.642049552,1.162459958,0.771787233,,,,,,,,,,,,,
2018/11/5,6419.66,6455.46,6468.99,8.767120436,8.772681563,8.77477527,0.680382656,-0.61109847,-0.260288966,,,,,,,,,,,,,
2018/11/4,6376.13,6495.03,6485.85,8.760316609,8.778792548,8.77737816,0.23348593,0.683311493,1.534411528,,,,,,,,,,,,,
2018/11/3,6361.26,6450.8,6387.09,8.75798175,8.771959433,8.762034045,-0.426363619,-0.229166122,-0.731455472,,,,,,,,,,,,,
2018/11/2,6388.44,6465.6,6433.98,8.762245386,8.774251094,8.769348599,0.167003271,-0.309006123,0.373404939,,,,,,,,,,,,,
2018/11/1,6377.78,6485.61,6410,8.760575353,8.777341156,8.76561455,0.947910234,0.368415006,0.595686451,,,,,,,,,,,,,
2018/10/31,6317.61,6461.76,6371.93,8.751096251,8.773657005,8.759657685,-0.263360222,0.290280015,0.646473896,,,,,,,,,,,,,
2018/10/30,6334.27,6443.03,6330.87,8.753729853,8.770754205,8.753192946,0.02589426,-0.108120445,-0.215062838,,,,,,,,,,,,,
2018/10/29,6332.63,6450,6344.5,8.753470911,8.77183541,8.755343575,-2.399050389,-1.847479673,-2.266344898,,,,,,,,,,,,,
2018/10/28,6486.39,6570.27,6489.93,8.777461415,8.790310207,8.778007024,0.092698497,-0.449956986,-0.241159962,,,,,,,,,,,,,
2018/10/27,6480.38,6599.9,6505.6,8.77653443,8.794809776,8.780418623,0.086915382,-0.088447063,-0.506431895,,,,,,,,,,,,,
2018/10/26,6474.75,6605.74,6538.63,8.775665276,8.795694247,8.785482942,-0.023781874,0.043002157,0.161325907,,,,,,,,,,,,,
2018/10/25,6476.29,6602.9,6528.09,8.775903095,8.795264225,8.783869683,-0.301415647,0.013631304,-0.571426199,,,,,,,,,,,,,
2018/10/24,6495.84,6602,6565.5,8.778917251,8.795127912,8.789583945,0.309908524,0.156135157,0.182788234,,,,,,,,,,,,,
2018/10/23,6475.74,6591.7,6553.51,8.775818166,8.793566561,8.787756063,-0.176195187,0.482067891,-0.421631555,,,,,,,,,,,,,
2018/10/22,6487.16,6560,6581.2,8.777580118,8.788745882,8.791972379,0.07417397,-0.666978065,-0.13529408,,,,,,,,,,,,,
2018/10/21,6482.35,6603.9,6590.11,8.776838378,8.795415663,8.793325319,-0.105461659,-0.090814155,0.025951341,,,,,,,,,,,,,
2018/10/20,6489.19,6609.9,6588.4,8.777892995,8.796323804,8.793065806,0.367128691,0.491379122,0.907511443,,,,,,,,,,,,,
2018/10/19,6465.41,6577.5,6528.88,8.774221708,8.791410013,8.783990691,-0.174623676,-1.12628274,-1.370284541,,,,,,,,,,,,,
2018/10/18,6476.71,6652,6618.96,8.775967944,8.80267284,8.797693537,-1.04016408,-0.569631281,-1.825370577,,,,,,,,,,,,,
2018/10/17,6544.43,6690,6740.89,8.786369585,8.808369153,8.815947243,-0.786577514,0.496296782,0.481807528,,,,,,,,,,,,,
2018/10/16,6596.11,6656.88,6708.49,8.79423536,8.803406185,8.811129167,-0.006518781,-0.314217816,-0.701714527,,,,,,,,,,,,,
2018/10/15,6596.54,6677.83,6755.73,8.794300548,8.806548363,8.818146313,4.743635563,3.13187206,6.361637159,,,,,,,,,,,,,
2018/10/14,6290.93,6471.93,6339.34,8.746864193,8.775229643,8.754529941,0.078556598,0.292922492,0.101165782,,,,,,,,,,,,,
2018/10/13,6285.99,6453,6332.93,8.746078627,8.772300418,8.753518283,0.181679703,0.357526634,0.552929378,,,,,,,,,,,,,
2018/10/12,6274.58,6429.97,6298.01,8.744261829,8.768725152,8.747988989,0.292718483,0.669267267,0.722353864,,,,,,,,,,,,,
2018/10/11,6256.24,6387.08,6252.68,8.741334645,8.762032479,8.740765451,-5.129545223,-3.828792731,-5.874545055,,,,,,,,,,,,,
2018/10/10,6585.53,6636.37,6631,8.792630097,8.800320406,8.799510901,-0.863465692,-0.204721613,-0.385472357,,,,,,,,,,,,,
2018/10/9,6642.64,6649.97,6656.61,8.801264754,8.802367622,8.803365625,-0.144266197,-0.514615756,-0.246068654,,,,,,,,,,,,,
2018/10/8,6652.23,6684.28,6673.01,8.802707416,8.80751378,8.805826311,0.743561793,0.574333101,0.869193109,,,,,,,,,,,,,
2018/10/7,6602.95,6646,6615.26,8.795271798,8.801770449,8.79713438,0.221965241,0.43730749,0.317801128,,,,,,,,,,,,,
2018/10/6,6588.31,6617,6594.27,8.793052145,8.797397374,8.793956369,-0.517305569,-0.719785065,-0.62555382,,,,,,,,,,,,,
2018/10/5,6622.48,6664.8,6635.65,8.798225201,8.804595225,8.800211907,0.69383429,0.5997121,0.632833131,,,,,,,,,,,,,
2018/10/4,6576.69,6624.95,6593.79,8.791286858,8.798598104,8.793883576,1.133102018,0.511346737,1.278884079,,,,,,,,,,,,,
2018/10/3,6502.59,6591.16,6510,8.779955838,8.793484636,8.781094735,-0.819535489,-0.275595587,-0.242256246,,,,,,,,,,,,,
2018/10/2,6556.1,6609.35,6525.79,8.788151193,8.796240592,8.783517298,-0.509976976,-0.161005678,-1.306517588,,,,,,,,,,,,,
2018/10/1,6589.62,6620,6611.61,8.793250963,8.797850649,8.796582474,-0.543921288,-0.070971788,-0.226013038,,,,,,,,,,,,,
2018/9/30,6625.56,6624.7,6626.57,8.798690176,8.798560367,8.798842604,0.356832196,0.089100319,0.456631122,,,,,,,,,,,,,
2018/9/29,6601.96,6618.8,6596.38,8.795121854,8.797669364,8.794276293,-0.636718344,-0.470277003,-0.577435139,,,,,,,,,,,,,
2018/9/28,6644.13,6650,6634.58,8.801489037,8.802372134,8.800050644,-0.489758412,-0.450113288,-0.818845574,,,,,,,,,,,,,
2018/9/27,6676.75,6680,6689.13,8.806386621,8.806873267,8.8082391,2.759869209,3.302438127,3.40622473,,,,,,,,,,,,,
2018/9/26,6495,6463,6465.12,8.778787929,8.773848885,8.774176853,0.749995595,0.201347547,0.272291083,,,,,,,,,,,,,
2018/9/25,6446.47,6450,6447.54,8.771287973,8.77183541,8.771453942,-2.284125838,-1.995461453,-2.054730652,,,,,,,,,,,,,
2018/9/24,6595.41,6580,6581.39,8.794129232,8.791790024,8.792001248,-1.731888375,-1.433445895,-1.905487473,,,,,,,,,,,,,
2018/9/23,6710.63,6675,6708,8.811448115,8.806124483,8.811056123,-0.16899177,-0.629624187,-0.224107665,,,,,,,,,,,,,
2018/9/22,6721.98,6717.16,6723.05,8.813138033,8.812420725,8.8132972,-0.192763194,0.294904102,-0.533598852,,,,,,,,,,,,,
2018/9/21,6734.95,6697.38,6759.02,8.815065665,8.809471684,8.818633188,3.248662477,2.775655769,4.030725948,,,,,,,,,,,,,
2018/9/20,6519.67,6514.04,6492,8.78257904,8.781715126,8.778325929,1.875392182,1.368539869,1.554065035,,,,,,,,,,,,,
2018/9/19,6398.54,6425.5,6391.89,8.763825118,8.768029728,8.762785278,0.426630895,0.600977419,0.871132459,,,,,,,,,,,,,
2018/9/18,6371.3,6387,6336.45,8.759558809,8.762019954,8.754073954,1.424248537,0.849061705,1.394683294,,,,,,,,,,,,,
2018/9/17,6281.2,6333,6248.69,8.745316324,8.753529337,8.740127121,-3.688072201,-3.018561882,-4.019927019,,,,,,,,,,,,,
2018/9/16,6517.18,6527.08,6505,8.782197046,8.783714955,8.780326391,-0.39845754,-0.044726693,-0.152995892,,,,,,,,,,,,,
2018/9/15,6543.2,6530,6514.96,8.786181621,8.784162222,8.78185635,0.46706902,0.188539032,0.590075752,,,,,,,,,,,,,
2018/9/14,6512.71,6517.7,6476.63,8.781510931,8.782276832,8.775955592,-0.070606188,-0.035282297,-0.165843785,,,,,,,,,,,,,
2018/9/13,6517.31,6520,6487.38,8.782216993,8.782629655,8.77761403,2.572347682,1.498907766,2.319767207,,,,,,,,,,,,,
2018/9/12,6351.8,6423,6338.62,8.756493516,8.767640577,8.754416358,0.482917375,0.358730791,0.691970881,,,,,,,,,,,,,
2018/9/11,6321.2,6400,6294.91,8.751664343,8.764053269,8.747496649,-0.134377812,-0.450079372,-0.271121321,,,,,,,,,,,,,
2018/9/10,6329.7,6428.87,6312,8.753008121,8.768554063,8.750207863,0.456670965,0.384944339,0.974152819,,,,,,,,,,,,,
2018/9/9,6300.86,6404.17,6250.81,8.748441411,8.76470462,8.740466334,1.195527234,0.918610545,1.057596546,,,,,,,,,,,,,
2018/9/8,6225.98,6345.61,6185.05,8.736486139,8.755518514,8.729890369,-3.799228691,-2.865902187,-3.346578255,,,,,,,,,,,,,
2018/9/7,6467.07,6530.1,6395.54,8.774478426,8.784177536,8.763356151,-0.955668295,-0.913109141,-1.866135299,,,,,,,,,,,,,
2018/9/6,6529.17,6590,6516.01,8.784035109,8.793308627,8.782017504,-3.958781459,-2.465560091,-2.784530097,,,,,,,,,,,,,
2018/9/5,6792.83,6754.5,6700,8.823622923,8.817964228,8.809862805,-8.041780665,-8.42423532,-9.38246808,,,,,,,,,,,,,
2018/9/4,7361.66,7348.17,7359.06,8.90404073,8.902206582,8.903687486,1.389735752,1.206596417,1.313648689,,,,,,,,,,,,,
2018/9/3,7260.06,7260.04,7263.02,8.890143372,8.890140617,8.890550999,-0.174226861,-0.259166576,-0.535393242,,,,,,,,,,,,,
2018/9/2,7272.72,7278.88,7302.01,8.891885641,8.892732283,8.895904932,1.098727558,1.312067322,1.406723781,,,,,,,,,,,,,
2018/9/1,7193.25,7184,7200.01,8.880898365,8.87961161,8.881837694,2.187872522,2.451862995,2.65721182,,,,,,,,,,,,,
2018/8/31,7037.58,7010,7011.21,8.85901964,8.85509298,8.855265576,0.846905812,0.585878399,0.376821049,,,,,,,,,,,,,
2018/8/30,6978.23,6969.05,6984.84,8.850550582,8.849234196,8.851497365,-0.982939583,-0.620109344,-0.661814651,,,,,,,,,,,,,
2018/8/29,7047.16,7012.4,7031.22,8.860379978,8.855435289,8.858115512,-0.694600429,-0.422357058,-0.636408895,,,,,,,,,,,,,
2018/8/28,7096.28,7042.08,7076.11,8.867325982,8.85965886,8.864479601,3.027785985,2.629818536,2.395151948,,,,,,,,,,,,,
2018/8/27,6884.64,6859.3,6908.64,8.837048122,8.833360675,8.840528081,2.61023214,2.325909186,3.06652758,,,,,,,,,,,,,
2018/8/26,6707.26,6701.6,6700,8.810945801,8.810101583,8.809862805,-0.83041504,-0.719620103,-0.500833286,,,,,,,,,,,,,
2018/8/25,6763.19,6750,6733.64,8.819249951,8.817297784,8.814871138,0.64124701,0.749468176,0.775239286,,,,,,,,,,,,,
2018/8/24,6719.96,6699.6,6681.64,8.812837481,8.809803102,8.807118745,2.792821789,2.494892939,2.372098062,,,,,,,,,,,,,
2018/8/23,6534.88,6534.52,6525.01,8.784909263,8.784854173,8.783397765,2.450169388,1.572008262,2.547418111,,,,,,,,,,,,,
2018/8/22,6376.71,6432.6,6360.89,8.760407569,8.76913409,8.757923584,-1.741915892,-0.738027876,-1.85522057,,,,,,,,,,,,,
2018/8/21,6488.76,6480.25,6480,8.777826728,8.776514369,8.776475789,2.816876342,2.42332451,3.536494631,,,,,,,,,,,,,
2018/8/20,6308.53,6325.1,6254.84,8.749657965,8.752281124,8.741110843,-3.083290143,-2.727633214,-3.49837008,,,,,,,,,,,,,
2018/8/19,6506.07,6500,6477.53,8.780490866,8.779557456,8.776094544,1.273197125,1.419254711,1.392429627,,,,,,,,,,,,,
2018/8/18,6423.76,6408.4,6387.96,8.767758895,8.765364909,8.762170248,-2.412686939,-2.128731959,-3.030191486,,,,,,,,,,,,,
2018/8/17,6580.63,6546.28,6584.49,8.791885764,8.786652228,8.792472162,3.808329293,3.834731598,4.230390779,,,,,,,,,,,,,
2018/8/16,6334.73,6300,6311.75,8.753802471,8.748304912,8.750168255,0.41460918,0.581528876,0.708967419,,,,,,,,,,,,,
2018/8/15,6308.52,6263.47,6267.16,8.74965638,8.742489624,8.74307858,1.739858394,0.167299605,1.26984406,,,,,,,,,,,,,
2018/8/14,6199.71,6253,6188.08,8.732257796,8.740816628,8.73038014,-1.566132794,-1.809375227,-0.937243228,,,,,,,,,,,,,
2018/8/13,6297.57,6367.17,6246.35,8.747919124,8.75891038,8.739752572,-0.398090581,2.727377377,2.743677476,,,,,,,,,,,,,
2018/8/12,6322.69,6195.86,6077.3,8.751900029,8.731636606,8.712315797,0.427312469,0,0,,,,,,,,,,,,,
2018/8/11,6295.73,6195.86,6077.3,8.747626905,8.731636606,8.712315797,1.779150871,-0.038082698,-1.091710505,,,,,,,,,,,,,
2018/8/10,6184.71,6198.22,6144.01,8.729835396,8.732017433,8.723232902,-6.016427269,-5.960540405,-6.089716006,,,,,,,,,,,,,
2018/8/9,6568.23,6578.9,6529.79,8.789999669,8.791622837,8.784130062,4.077454501,4.108233028,3.820894146,,,,,,,,,,,,,
2018/8/8,6305.8,6314.1,6285,8.749225124,8.750540507,8.745921121,-6.853477552,-6.782337524,-6.693124102,,,,,,,,,,,,,
2018/8/7,6753.12,6757.2,6720.06,8.817759899,8.818363882,8.812852362,-2.899599853,-2.539549987,-3.145801506,,,,,,,,,,,,,
2018/8/6,6951.8,6931,6934.82,8.846755898,8.843759382,8.844310377,-1.664484502,-1.74588801,-1.280480795,,,,,,,,,,,,,
2018/8/5,7068.48,7053.07,7024.19,8.863400743,8.861218262,8.857115185,0.505343479,-0.041958736,0.204502983,,,,,,,,,,,,,
2018/8/4,7032.85,7056.03,7009.84,8.858347308,8.861637849,8.855070155,-5.552450309,-4.985703714,-5.669974693,,,,,,,,,,,,,
2018/8/3,7434.39,7416.74,7418.78,8.913871811,8.911494887,8.911769902,-1.769997827,-2.00782244,-1.431053517,,,,,,,,,,,,,
2018/8/2,7567.15,7567.16,7525.71,8.931571789,8.931573111,8.926080437,-0.760400871,-0.564533994,-1.135349623,,,,,,,,,,,,,
2018/8/1,7624.91,7610,7611.64,8.939175798,8.937218451,8.937433934,-2.019237272,-1.947792436,-1.555051127,,,,,,,,,,,,,
2018/7/31,7780.44,7759.68,7730.93,8.959368171,8.956696375,8.952984445,-5.013793674,-5.31702819,-5.571943212,,,,,,,,,,,,,
2018/7/30,8180.48,8183.43,8173.92,9.009506108,9.009866657,9.008703877,-0.463201498,0.041922752,-0.452612076,,,,,,,,,,,,,
2018/7/29,8218.46,8180,8211,9.014138123,9.00944743,9.013229998,0.320646491,-0.353896275,-0.170844113,,,,,,,,,,,,,
2018/7/28,8192.15,8209,8225.04,9.010931658,9.012986392,9.014938439,0.331842751,0.826772968,0.444388042,,,,,,,,,,,,,
2018/7/27,8165.01,8141.41,8188.57,9.00761323,9.004718663,9.010494558,2.64873001,2.055142657,3.334807362,,,,,,,,,,,,,
2018/7/26,7951.58,7975.8,7920,8.98112593,8.984167236,8.977146485,-2.849141177,-1.532740543,-3.176779535,,,,,,,,,,,,,
2018/7/25,8181.39,8098.99,8175.64,9.009617342,8.999494642,9.00891428,-2.925476277,-3.153005147,-2.674407925,,,,,,,,,,,,,
2018/7/24,8424.27,8358.42,8397.24,9.038872105,9.031024693,9.035658359,8.845467952,7.678762627,8.395789593,,,,,,,,,,,,,
2018/7/23,7711.11,7740.62,7721.01,8.950417425,8.954237067,8.951700463,3.868661366,4.421831076,4.31694863,,,,,,,,,,,,,
2018/7/22,7418.49,7405.8,7394.79,8.911730811,8.910018756,8.908530977,-0.010783284,-0.00810143,-0.053942356,,,,,,,,,,,,,
2018/7/21,7419.29,7406.4,7398.78,8.911838644,8.91009977,8.909070401,0.882130509,0.246577245,0.831284802,,,,,,,,,,,,,
2018/7/20,7354.13,7388.16,7337.53,8.903017339,8.907633998,8.900757553,-1.521250254,-0.525675414,-1.738523388,,,,,,,,,,,,,
2018/7/19,7466.86,7427.1,7466.21,8.918229842,8.912890752,8.918142787,1.295102765,1.112927815,1.135644956,,,,,,,,,,,,,
2018/7/18,7370.78,7344.9,7381.9,8.905278814,8.901761474,8.906786337,0.677114068,0.641955929,0.877051802,,,,,,,,,,,,,
2018/7/17,7321.04,7297.9,7317.44,8.898507673,8.895341915,8.898015819,8.243285924,8.921743125,8.46739978,,,,,,,,,,,,,
2018/7/16,6741.75,6675,6723.35,8.816074814,8.806124483,8.813341821,5.834776316,4.69267329,5.665782588,,,,,,,,,,,,,
2018/7/15,6359.64,6369,6353.01,8.757727051,8.75919775,8.756683995,1.321981683,1.407249091,1.602890327,,,,,,,,,,,,,
2018/7/14,6276.12,6280,6251.99,8.744507234,8.745125259,8.740655092,0.60843216,0.242171981,0.600327795,,,,,,,,,,,,,
2018/7/13,6238.05,6264.81,6214.57,8.738422913,8.74270354,8.734651814,0.148233022,-0.452142471,-0.577612447,,,,,,,,,,,,,
2018/7/12,6228.81,6293.2,6250.57,8.736940582,8.747224964,8.740427939,-2.628578276,-1.889335879,-2.019288417,,,,,,,,,,,,,
2018/7/11,6394.71,6413.23,6378.07,8.763226365,8.766118323,8.760620823,1.017874884,0.638060241,1.280650687,,,,,,,,,,,,,
2018/7/10,6329.95,6372.44,6296.91,8.753047616,8.759737721,8.747814316,-6.302719791,-4.943828167,-5.637871533,,,,,,,,,,,,,
2018/7/9,6741.75,6695.4,6662.12,8.816074814,8.809176002,8.804193031,-0.475450431,-0.28486436,-0.747411552,,,,,,,,,,,,,
2018/7/8,6773.88,6714.5,6712.1,8.820829318,8.812024646,8.811667147,-1.218578026,-0.562714925,-0.666417693,,,,,,,,,,,,,
2018/7/7,6856.93,6752.39,6756.98,8.833015099,8.817651795,8.818331324,2.711535977,1.866583938,2.202567427,,,,,,,,,,,,,
2018/7/6,6673.5,6627.52,6609.78,8.805899739,8.798985956,8.796305649,0.51620229,0.646671423,1.226594611,,,,,,,,,,,,,
2018/7/5,6639.14,6584.8,6529.2,8.800737716,8.792519242,8.784039703,0.628406903,-0.355793227,-0.881054907,,,,,,,,,,,,,
2018/7/4,6597.55,6608.27,6586.98,8.794453647,8.796077174,8.792850252,1.035421381,1.182460352,1.116275892,,,,,,,,,,,,,
2018/7/3,6529.59,6530.59,6513.86,8.784099433,8.78425257,8.781687493,-1.287167501,-0.450855531,-1.545142191,,,,,,,,,,,,,
2018/7/2,6614.18,6560.1,6615.29,8.796971108,8.788761126,8.797138915,3.513592195,3.650529834,3.985695717,,,,,,,,,,,,,
2018/7/1,6385.82,6324.94,6356.81,8.761835186,8.752255827,8.757281958,-0.28428879,-0.529195208,-0.521854375,,,,,,,,,,,,,
2018/6/30,6404,6358.5,6390.07,8.764678074,8.757547779,8.762500502,2.942623764,1.269962845,3.053147105,,,,,,,,,,,,,
2018/6/29,6218.3,6278.26,6197.92,8.735251836,8.744848151,8.731969031,5.196132565,5.425306497,5.70919801,,,,,,,,,,,,,
2018/6/28,5903.44,5946.72,5853.98,8.683290511,8.690595086,8.674877051,-4.207552803,-3.07463834,-4.668127597,,,,,,,,,,,,,
2018/6/27,6157.13,6132.4,6133.73,8.725366039,8.721341469,8.721558327,1.036023241,-0.371106256,1.031595013,,,,,,,,,,,,,
2018/6/26,6093.67,6155.2,6070.78,8.715005806,8.725052532,8.711242377,-2.519972767,-2.886201375,-2.941431492,,,,,,,,,,,,,
2018/6/25,6249.18,6335.44,6252,8.740205534,8.753914546,8.740656692,1.222805339,0.608911338,1.857027755,,,,,,,,,,,,,
2018/6/24,6173.23,6296.98,6136.97,8.727977481,8.747825432,8.722086414,0.174290782,-0.206552317,-0.211769477,,,,,,,,,,,,,
2018/6/23,6162.48,6310,6149.98,8.726234573,8.749890956,8.724204109,1.286787415,1.429664036,1.721734571,,,,,,,,,,,,,
2018/6/22,6083.69,6220.43,6045,8.713366699,8.735594315,8.706986763,-10.09250901,-7.471615118,-10.56840365,,,,,,,,,,,,,
2018/6/21,6729.74,6703,6718.84,8.814291789,8.810310466,8.8126708,-0.693161296,-0.312802817,-0.63307173,,,,,,,,,,,,,
2018/6/20,6776.55,6724,6761.51,8.821223402,8.813438495,8.819001517,0.097589863,-0.384447441,0.300680386,,,,,,,,,,,,,
2018/6/19,6769.94,6749.9,6741.21,8.820247503,8.817282969,8.815994713,0.520114081,-0.430190849,0.427393325,,,,,,,,,,,,,
2018/6/18,6734.82,6779,6712.46,8.815046362,8.821584877,8.81172078,3.560122054,2.453817696,3.994583692,,,,,,,,,,,,,
2018/6/17,6499.27,6614.68,6449.61,8.779445142,8.7970467,8.771774943,-0.779961393,-0.45807951,-0.531485549,,,,,,,,,,,,,
2018/6/16,6550.16,6645.05,6483.98,8.787244756,8.801627496,8.777089798,1.438971099,1.085622709,1.477240976,,,,,,,,,,,,,
2018/6/15,6456.58,6573.3,6388.9,8.772855045,8.790771268,8.762317389,-3.332187153,-2.028485446,-3.794424886,,,,,,,,,,,,,
2018/6/14,6675.35,6708,6635.98,8.806176916,8.811056123,8.800261637,4.998257262,4.335327143,5.3103414,,,,,,,,,,,,,
2018/6/13,6349.9,6423.4,6292.78,8.756194344,8.767702852,8.747158223,-3.59542789,-4.2771707,-3.700399883,,,,,,,,,,,,,
2018/6/12,6582.36,6704.1,6530,8.792148623,8.810474559,8.784162222,-4.813046394,-3.977934259,-5.104824139,,,,,,,,,,,,,
2018/6/11,6906.92,6976.16,6872,8.840279087,8.850253901,8.835210464,1.765919399,1.301551834,1.569440126,,,,,,,,,,,,,
2018/6/10,6786.02,6885.95,6764.99,8.822619893,8.837238383,8.819516062,-10.42933419,-8.776117388,-10.20389621,,,,,,,,,,,,,
2018/6/9,7531.98,7517.58,7491.73,8.926913234,8.924999557,8.921555024,-1.226387518,-1.635356725,-1.480103097,,,,,,,,,,,,,
2018/6/8,7624.92,7641.53,7603.44,8.93917711,8.941353124,8.936356055,-0.69685236,0.165155616,-1.146043932,,,,,,,,,,,,,
2018/6/7,7678.24,7628.92,7691.08,8.946145633,8.939701568,8.947816495,0.316458024,0.314036304,0.420067954,,,,,,,,,,,,,
2018/6/6,7653.98,7605,7658.84,8.942981053,8.936561205,8.943615815,0.264525846,0.627871002,0.442821376,,,,,,,,,,,,,
2018/6/5,7633.76,7557.4,7625,8.940335795,8.930282495,8.939187601,1.575002042,0.844186269,1.826413924,,,,,,,,,,,,,
2018/6/4,7514.47,7493.87,7487,8.924585774,8.921840632,8.920923462,-2.701625183,-1.845848267,-2.990238092,,,,,,,,,,,,,
2018/6/3,7720.25,7633.48,7714.26,8.951602026,8.940299115,8.950825843,0.9997675,0.652944238,0.96690343,,,,,,,,,,,,,
2018/6/2,7643.45,7583.8,7640.03,8.941604351,8.933769672,8.941156809,1.343460071,1.350623816,1.570109242,,,,,,,,,,,,,
2018/6/1,7541.45,7482.06,7521.01,8.92816975,8.920263434,8.925455716,0.628908629,0.442835995,0.479808358,,,,,,,,,,,,,
2018/5/31,7494.17,7449,7485.01,8.921880664,8.915835074,8.920657633,1.176469156,0.914356817,1.467629063,,,,,,,,,,,,,
2018/5/30,7406.52,7381.2,7375.96,8.910115972,8.906691506,8.905981342,-0.88809659,-0.70134988,-1.150225827,,,,,,,,,,,,,
2018/5/29,7472.59,7433.15,7461.29,8.918996938,8.913705005,8.917483601,4.609066533,2.833329006,4.977439246,,,,,,,,,,,,,
2018/5/28,7135.99,7225.5,7099,8.872906273,8.885371715,8.867709208,-3.202516342,-2.747864379,-3.324730192,,,,,,,,,,,,,
2018/5/27,7368.22,7426.8,7338.99,8.904931436,8.912850359,8.90095651,0.167616396,0.156582914,0.068561539,,,,,,,,,,,,,
2018/5/26,7355.88,7415.18,7333.96,8.903255272,8.911284529,8.900270895,-1.675151499,-1.843676833,-1.663757298,,,,,,,,,,,,,
2018/5/25,7480.14,7553.16,7457,8.920006787,8.929721298,8.916908468,-1.422956046,-0.443069551,-1.570148296,,,,,,,,,,,,,
2018/5/24,7587.34,7586.7,7575.01,8.934236348,8.934151993,8.932609951,0.389828003,0.177309221,0.969168478,,,,,,,,,,,,,
2018/5/23,7557.82,7573.26,7501.95,8.930338068,8.932378901,8.922918266,-6.20676629,-6.390153837,-6.141320373,,,,,,,,,,,,,
2018/5/22,8041.78,8073,7977.11,8.992405731,8.996280439,8.984331469,-4.583941684,-3.496317054,-4.941968443,,,,,,,,,,,,,
2018/5/21,8418.99,8360.25,8381.24,9.038245148,9.03124361,9.033751154,-1.113390476,-1.304217771,-1.723937936,,,,,,,,,,,,,
2018/5/20,8513.25,8470,8526.98,9.049379052,9.044285788,9.050990533,3.175244959,3.251831305,3.502527114,,,,,,,,,,,,,
2018/5/19,8247.18,8199,8233.49,9.017626603,9.011767475,9.015965262,-0.045944546,0.015002955,-0.076730228,,,,,,,,,,,,,
2018/5/18,8250.97,8197.77,8239.81,9.018086048,9.011617445,9.016732564,1.916818806,0.882659573,2.436662666,,,,,,,,,,,,,
2018/5/17,8094.32,8125.73,8041.46,8.99891786,9.002790849,8.992365938,-3.335150865,-2.228443794,-3.525279743,,,,,,,,,,,,,
2018/5/16,8368.83,8308.84,8330,9.032269369,9.025075287,9.027618735,-1.677250515,-1.461554415,-1.572209612,,,,,,,,,,,,,
2018/5/15,8510.38,8431.17,8462,9.049041874,9.039690831,9.043340831,-2.396445594,-1.768482388,-2.351477721,,,,,,,,,,,,,
2018/5/14,8716.79,8581.6,8663.34,9.07300633,9.057375655,9.066855608,-0.081991985,-2.083805126,-0.188778846,,,,,,,,,,,,,
2018/5/13,8723.94,8762.3,8679.71,9.07382625,9.078213707,9.068743397,2.542967854,1.776642414,2.493706307,,,,,,,,,,,,,
2018/5/12,8504.89,8608,8465.94,9.048396571,9.060447282,9.043806334,0.748245888,0.304715646,0.781934905,,,,,,,,,,,,,
2018/5/11,8441.49,8581.81,8400,9.040914112,9.057400126,9.035986985,-6.893608685,-5.568567713,-6.923728606,,,,,,,,,,,,,
2018/5/10,9043.94,9073.25,9002.2,9.109850199,9.113085803,9.105224271,-3.062334813,-2.39771748,-3.362009938,,,,,,,,,,,,,
2018/5/9,9325.18,9293.43,9310,9.140473547,9.137062978,9.13884437,0.97371459,0.793266132,1.362625171,,,,,,,,,,,,,
2018/5/8,9234.82,9220,9184,9.130736401,9.129130317,9.125218119,-1.485316026,-2.06104333,-1.951649632,,,,,,,,,,,,,
2018/5/7,9373.01,9412,9365,9.145589562,9.14974075,9.144734615,-2.962091835,-1.56022562,-3.09118226,,,,,,,,,,,,,
2018/5/6,9654.8,9560,9659.01,9.17521048,9.165343006,9.175646437,-2.084332323,-0.199591479,-2.100060736,,,,,,,,,,,,,
2018/5/5,9858.15,9579.1,9864,9.196053803,9.167338921,9.196647045,1.609429128,1.0167285,1.532465138,,,,,,,,,,,,,
2018/5/4,9700.76,9482.2,9713.99,9.179959512,9.157171636,9.181322393,-0.443311009,-0.130159292,-0.370017053,,,,,,,,,,,,,
2018/5/3,9743.86,9494.55,9750,9.184392622,9.158473229,9.185022564,5.353711335,3.543518518,5.287727427,,,,,,,,,,,,,
2018/5/2,9235.92,9164,9247.84,9.130855509,9.123038044,9.13214529,1.273898413,1.273902578,1.925458462,,,,,,,,,,,,,
2018/5/1,9119.01,9048,9071.48,9.118116525,9.110299018,9.112890705,-1.324016213,-2.650783238,-1.9056681,,,,,,,,,,,,,
2018/4/30,9240.55,9291.05,9246.01,9.131356687,9.13680685,9.131947386,-1.913601158,-0.731145095,-1.853681873,,,,,,,,,,,,,
2018/4/29,9419.08,9359.23,9419,9.150492698,9.144118301,9.150484205,0.752365604,0.947177352,0.756650916,,,,,,,,,,,,,
2018/4/28,9348.48,9271,9348,9.142969042,9.134646528,9.142917696,3.942911099,4.964264694,4.738790646,,,,,,,,,,,,,
2018/4/27,8987.05,8822,8915.35,9.103539931,9.085003881,9.095529789,-3.223959683,-4.184726789,-3.857727678,,,,,,,,,,,,,
2018/4/26,9281.51,9199.01,9266,9.135779528,9.126851149,9.134107066,4.808826188,4.150726675,4.367811807,,,,,,,,,,,,,
2018/4/25,8845.74,8825,8869.99,9.087691266,9.085343882,9.090428948,-9.193213313,-7.947597487,-8.138055292,,,,,,,,,,,,,
2018/4/24,9697.5,9555,9622.02,9.179623399,9.164819857,9.171809501,8.235318607,7.438865398,7.41888796,,,,,,,,,,,,,
2018/4/23,8930.88,8870.01,8934.01,9.097270213,9.090431203,9.097620621,1.448370639,0.712906389,1.658970965,,,,,,,,,,,,,
2018/4/22,8802.46,8807,8787.02,9.082786507,9.083302139,9.081030912,-1.052329629,-0.48705992,-1.449439096,,,,,,,,,,,,,
2018/4/21,8895.58,8850,8915.31,9.093309803,9.088172738,9.095525303,0.560836263,1.77958287,0.656417484,,,,,,,,,,,,,
2018/4/20,8845.83,8693.9,8856.98,9.087701441,9.070376909,9.088961128,6.437642399,4.974531255,6.76044554,,,,,,,,,,,,,
2018/4/19,8294.31,8272,8278,9.023325017,9.020631597,9.021356672,1.590653872,1.879742668,1.276535479,,,,,,,,,,,,,
2018/4/18,8163.42,8117.96,8173,9.007418478,9.00183417,9.008591318,3.253591737,1.600077845,3.587128166,,,,,,,,,,,,,
2018/4/17,7902.09,7989.1,7885.02,8.97488256,8.985833392,8.972720036,-1.962124905,-1.368594405,-2.255903525,,,,,,,,,,,,,
2018/4/16,8058.67,8099.19,8064.92,8.994503809,8.999519336,8.995279071,-3.300807724,-2.965880724,-3.533636992,,,,,,,,,,,,,
2018/4/15,8329.11,8343,8355,9.027511887,9.029178143,9.030615441,4.203654695,3.860951318,4.354237803,,,,,,,,,,,,,
2018/4/14,7986.24,8027.02,7999.01,8.98547534,8.99056863,8.987073063,1.136882452,1.090763218,1.531861438,,,,,,,,,,,,,
2018/4/13,7895.96,7939.94,7877.41,8.974106515,8.979660998,8.971754449,0.085016296,0.460001922,-0.577075234,,,,,,,,,,,,,
2018/4/12,7889.25,7903.5,7923,8.973256352,8.975060978,8.977525201,12.41269106,12.558718,13.04830873,,,,,,,,,,,,,
2018/4/11,6968.32,6970.72,6953.79,8.849129442,8.849473798,8.847042114,1.935280655,0.260858222,1.59290901,,,,,,,,,,,,,
2018/4/10,6834.76,6952.56,6843.9,8.829776635,8.846865216,8.831113024,0.941244641,0.469416745,0.897954314,,,,,,,,,,,,,
2018/4/9,6770.73,6920,6782.72,8.820364189,8.842171049,8.82213348,-3.66556071,-1.919323844,-3.410007572,,,,,,,,,,,,,
2018/4/8,7023.52,7054.1,7018,8.857019796,8.861364287,8.856233556,1.613714913,1.027359938,1.756574654,,,,,,,,,,,,,
2018/4/7,6911.09,6982,6895.8,8.840882647,8.851090688,8.83866781,4.056977476,2.63672093,4.36322977,,,,,,,,,,,,,
2018/4/6,6636.32,6800.31,6601.39,8.800312872,8.824723478,8.795035512,-2.605036291,-2.563649267,-2.533310768,,,,,,,,,,,,,
2018/4/5,6811.47,6976.9,6770.76,8.826363235,8.850359971,8.82036862,-0.620112325,0.414076888,-0.373557765,,,,,,,,,,,,,
2018/4/4,6853.84,6948.07,6796.1,8.832564358,8.846219202,8.824104197,-8.422475135,-8.175030126,-8.58348883,,,,,,,,,,,,,
2018/4/3,7456.11,7539.94,7405.21,8.916789109,8.927969503,8.909939086,5.122334361,4.826463497,4.830548783,,,,,,,,,,,,,
2018/4/2,7083.8,7184.67,7056,8.865565766,8.879704868,8.861633598,3.440452534,2.034994205,3.504429913,,,,,,,,,,,,,
2018/4/1,6844.23,7039.94,6813.01,8.831161241,8.859354926,8.826589299,-1.871559126,-1.676646847,-1.614661939,,,,,,,,,,,,,
2018/3/31,6973.53,7158.97,6923.91,8.849876832,8.876121395,8.842735918,1.197499893,0.195330449,1.215928216,,,,,,,,,,,,,
2018/3/30,6890.52,7145,6840.23,8.837901833,8.87416809,8.830576636,-3.915919977,-3.30800807,-3.588372967,,,,,,,,,,,,,
2018/3/29,7165.7,7385.31,7090.14,8.877061033,8.907248171,8.866460365,-10.44295383,-10.95317234,-11.4378788,,,,,,,,,,,,,
2018/3/28,7954.48,8240.2,7949.3,8.981490571,9.016779894,8.980839153,1.538460699,0.89229711,1.953594755,,,,,,,,,,,,,
2018/3/27,7833.04,8167,7795.51,8.966105964,9.007856923,8.961303206,-4.692915421,-3.406479699,-4.253315653,,,,,,,,,,,,,
2018/3/26,8209.4,8450,8134.23,9.013035118,9.04192172,9.003836362,-3.428973044,-3.305128892,-4.046713461,,,,,,,,,,,,,
2018/3/25,8495.78,8733.95,8470.15,9.047324849,9.074973009,9.044303497,-2.008235798,-0.627183137,-0.901574596,,,,,,,,,,,,,
2018/3/24,8668.12,8788.9,8546.86,9.067407207,9.081244841,9.053319243,-2.410683569,-3.258463095,-4.026593989,,,,,,,,,,,,,
2018/3/23,8879.62,9080,8898.03,9.091514042,9.113829472,9.093585183,1.716866654,2.002291588,1.987815248,,,,,,,,,,,,,
2018/3/22,8728.47,8900,8722.9,9.074345376,9.093806556,9.07370703,-2.274566778,-1.671348097,-1.841271017,,,,,,,,,,,,,
2018/3/21,8929.28,9050,8885,9.097091044,9.110520037,9.092119741,0.177214882,-1.090933697,-0.28075352,,,,,,,,,,,,,
2018/3/20,8913.47,9149.27,8909.98,9.095318895,9.121429374,9.094927276,3.224379481,4.253114974,3.540979355,,,,,,,,,,,,,
2018/3/19,8630.65,8768.3,8600,9.0630751,9.078898224,9.059517482,4.830202346,5.248069012,4.88495264,,,,,,,,,,,,,
2018/3/18,8223.68,8320,8189.99,9.014773076,9.026417534,9.010667956,3.802060863,2.962935762,4.561449987,,,,,,,,,,,,,
2018/3/17,7916.88,8077.1,7824.8,8.976752468,8.996788176,8.965053456,-5.186816625,-4.969707986,-5.412641054,,,,,,,,,,,,,
2018/3/16,8338.35,8488.65,8260,9.028620634,9.046485256,9.019179867,0.450623118,0.290810196,0.230531864,,,,,,,,,,,,,
2018/3/15,8300.86,8464,8240.98,9.024114403,9.043577154,9.016874548,0.374758973,-4.218023993,0.865036002,,,,,,,,,,,,,
2018/3/14,8269.81,8828.65,8170,9.020366813,9.085757394,9.008224188,-10.60320105,-8.063109042,-11.32849704,,,,,,,,,,,,,
2018/3/13,9194.85,9570,9150,9.126398824,9.166388484,9.121509158,-0.111630628,0.73308806,0.20545682,,,,,,,,,,,,,
2018/3/12,9205.12,9500.1,9131.22,9.12751513,9.159057604,9.11945459,-3.97747245,-2.989772948,-4.311994293,,,,,,,,,,,,,
2018/3/11,9578.63,9788.42,9533.57,9.167289854,9.188955333,9.162574533,7.731083917,7.180319408,8.345736244,,,,,,,,,,,,,
2018/3/10,8866,9110.22,8770.22,9.089979015,9.117152139,9.079117171,-5.182016887,-4.231590235,-5.077207701,,,,,,,,,,,,,
2018/3/9,9337.55,9504,9227,9.141799184,9.159468042,9.129889248,-0.613479206,-3.626617798,-0.482631011,,,,,,,,,,,,,
2018/3/8,9395.01,9855,9271.64,9.147933976,9.19573422,9.134715558,-5.895745497,-5.293127231,-6.658406963,,,,,,,,,,,,,
2018/3/7,9965.57,10390.69,9910,9.206891431,9.248665492,9.201299627,-7.854713677,-5.171209128,-7.823839517,,,,,,,,,,,,,
2018/3/6,10779.9,10942.15,10716.48,9.285438568,9.300377583,9.279538022,-7.101743194,-5.406313277,-6.655627046,,,,,,,,,,,,,
2018/3/5,11573.3,11550,11454,9.356456,9.354440716,9.346094293,0.525863318,-0.285306898,-0.53115193,,,,,,,,,,,,,
2018/3/4,11512.6,11583,11515,9.351197367,9.357293785,9.351405812,0.19911059,-0.816822391,0.439697342,,,,,,,,,,,,,
2018/3/3,11489.7,11678,11464.48,9.349206261,9.365462009,9.347008839,3.573184997,3.82278854,3.781910282,,,,,,,,,,,,,
2018/3/2,11086.4,11240,11039,9.313474411,9.327234123,9.309189736,1.22883556,1.524009774,1.083848672,,,,,,,,,,,,,
2018/3/1,10951,11070,10920,9.301186055,9.311994026,9.298351249,5.182691361,3.138160074,5.585738595,,,,,,,,,,,,,
2018/2/28,10397.9,10728,10326.76,9.249359142,9.280612425,9.242493863,-3.102954462,-1.479401645,-2.31903883,,,,,,,,,,,,,
2018/2/27,10725.6,10887.89,10569.04,9.280388686,9.295406441,9.265684252,3.403466136,2.925300462,2.345769082,,,,,,,,,,,,,
2018/2/26,10366.7,10574,10324,9.246354025,9.266153437,9.242226561,7.011556953,5.641324489,7.375039296,,,,,,,,,,,,,
2018/2/25,9664.73,9994,9590,9.176238455,9.209740192,9.168476168,-1.523199417,-1.942193431,-1.083885701,,,,,,,,,,,,,
2018/2/24,9813.07,10190,9694.51,9.19147045,9.229162126,9.179315025,-4.853551506,-3.859773663,-4.404423244,,,,,,,,,,,,,
2018/2/23,10301.1,10591,10131.04,9.240005965,9.267759863,9.223359257,2.916571761,3.116711972,3.199785195,,,,,,,,,,,,,
2018/2/22,10005,10266,9812,9.210840247,9.236592743,9.191361405,-6.626117445,-5.808877729,-6.180854457,,,,,,,,,,,,,
2018/2/21,10690.4,10880,10437.6,9.277101421,9.29468152,9.25316995,-6.459172166,-7.760761855,-7.058749628,,,,,,,,,,,,,
2018/2/20,11403.7,11758,11200.99,9.341693143,9.372289139,9.323757446,1.576770482,4.28332861,0.429364724,,,,,,,,,,,,,
2018/2/19,11225.3,11265,11153,9.325925438,9.329455853,9.319463799,6.187369785,4.577208667,7.097347924,,,,,,,,,,,,,
2018/2/18,10551.8,10761,10388.87,9.26405174,9.283683766,9.24849032,-5.179213695,-4.132368075,-6.074923837,,,,,,,,,,,,,
2018/2/17,11112.7,11215,11039.55,9.315843877,9.325007447,9.309239558,8.238285944,8.607961813,8.30278055,,,,,,,,,,,,,
2018/2/16,10233.9,10290,10159.98,9.233461018,9.238927829,9.226211753,0.661757389,0.689348203,1.586238069,,,,,,,,,,,,,
2018/2/15,10166.4,10219.31,10000.09,9.226843444,9.232034347,9.210349372,6.836178947,7.319887055,5.658040965,,,,,,,,,,,,,
2018/2/14,9494.63,9497.99,9449.99,9.158481655,9.158835476,9.153768962,9.916070331,7.261492502,10.12643852,,,,,,,,,,,,,
2018/2/13,8598.31,8832.74,8539.9,9.059320951,9.086220551,9.052504577,-3.746655024,-1.605453939,-4.163900046,,,,,,,,,,,,,
2018/2/12,8926.57,8975.69,8903,9.096787502,9.102275091,9.094143578,9.347498904,7.106138455,9.899346833,,,,,,,,,,,,,
2018/2/11,8129.97,8360,8063.88,9.003312512,9.031213706,8.995150109,-5.87482445,-5.847201109,-5.666101093,,,,,,,,,,,,,
2018/2/10,8621.9,8863.4,8533.98,9.062060757,9.089685717,9.05181112,-1.325911418,1.516506833,-1.741719843,,,,,,,,,,,,,
2018/2/9,8736.98,8730,8683.92,9.075319871,9.074520649,9.069228319,5.546347811,2.139915881,10.94001254,,,,,,,,,,,,,
2018/2/8,8265.59,8545.17,7784.02,9.019856393,9.05312149,8.959828193,8.115415526,5.84377663,2.405625457,,,,,,,,,,,,,
2018/2/7,7621.3,8060.12,7599,8.938702238,8.994683724,8.935771939,-1.726188043,1.375777394,-0.696868759,,,,,,,,,,,,,
2018/2/6,7754,7949.99,7652.14,8.955964118,8.98092595,8.942740626,10.87091936,2.466267589,9.768501369,,,,,,,,,,,,,
2018/2/5,6955.27,7756.32,6939.99,8.847254925,8.956263274,8.845055613,-17.39821465,-15.42567628,-16.49796638,,,,,,,,,,,,,
2018/2/4,8277.01,9050,8184.81,9.021237071,9.110520037,9.010035276,-10.29907926,-7.75798388,-11.69191389,,,,,,,,,,,,,
2018/2/3,9174.91,9780.05,9199.96,9.124227864,9.188099875,9.126954415,3.823263591,2.455555724,3.618279733,,,,,,,,,,,,,
2018/2/2,8830.75,9542.82,8873.03,9.085995228,9.163544318,9.090771618,-3.775622349,6.95692374,-3.884881716,,,,,,,,,,,,,
2018/2/1,9170.54,8901.5,9224.52,9.123751451,9.093975081,9.129620435,-10.84580389,-18.02786169,-10.88310899,,,,,,,,,,,,,
2018/1/31,10221.1,10660,10285.1,9.23220949,9.274253698,9.238451525,1.129521931,-2.871416796,0.463781998,,,,,,,,,,,,,
2018/1/30,10106.3,10970.53,10237.51,9.220914271,9.302967866,9.233813705,-11.13250991,-7.931707456,-9.439858761,,,,,,,,,,,,,
2018/1/29,11296.4,11876.12,11251,9.33223937,9.38228494,9.328212293,-4.245374913,-1.854355119,-5.439509158,,,,,,,,,,,,,
2018/1/28,11786.3,12098.4,11879.95,9.374693119,9.400828491,9.382607384,2.976066713,0.377538468,3.265203712,,,,,,,,,,,,,
2018/1/27,11440.7,12052.81,11498.31,9.344932452,9.397053107,9.349955347,2.382023194,0.697868937,3.624644208,,,,,,,,,,,,,
2018/1/26,11171.4,11968.99,11089,9.32111222,9.390074417,9.313708905,-0.784639438,-0.508937911,-0.774967531,,,,,,,,,,,,,
2018/1/25,11259.4,12030.06,11175.27,9.328958614,9.395163796,9.32145858,-0.884225967,-1.008524779,-1.551444265,,,,,,,,,,,,,
2018/1/24,11359.4,12152,11350,9.337800874,9.405249044,9.336973023,4.418609881,4.0472319,4.974753861,,,,,,,,,,,,,
2018/1/23,10868.4,11670,10799.18,9.293614775,9.364776725,9.287225484,-0.577988563,-2.524421916,0.363000376,,,,,,,,,,,,,
2018/1/22,10931.4,11968.35,10760.05,9.299394661,9.390020944,9.283595481,-5.937433695,-6.757005419,-6.911213272,,,,,,,,,,,,,
2018/1/21,11600.1,12805,11530,9.358768998,9.457590999,9.352707613,-10.61515752,-8.937159871,-10.44881491,,,,,,,,,,,,,
2018/1/20,12899.2,14002.1,12799.94,9.464920573,9.546962597,9.457195762,10.55224682,8.004389797,10.92714704,,,,,,,,,,,,,
2018/1/19,11607.4,12925,11474.98,9.359398105,9.466918699,9.347924292,1.148078444,0.858607812,4.573700313,,,,,,,,,,,,,
2018/1/18,11474.9,12814.5,10961.97,9.34791732,9.458332621,9.302187289,2.526663852,-0.032770002,-0.244365237,,,,,,,,,,,,,
2018/1/17,11188.6,12818.7,10988.79,9.322650682,9.458660321,9.304630941,-2.662520422,-0.42534639,0.811287303,,,,,,,,,,,,,
2018/1/16,11490.5,12873.34,10900,9.349275886,9.462913785,9.296518068,-18.45817394,-15.06892713,-21.68803084,,,,,,,,,,,,,
2018/1/15,13819.8,14967,13539.93,9.533857625,9.613603057,9.513398377,0.346480098,-0.148683425,0.480772292,,,,,,,,,,,,,
2018/1/14,13772,14989.27,13474.99,9.530392824,9.615089891,9.508590654,-4.182294562,-1.701535672,-5.311056743,,,,,,,,,,,,,
2018/1/13,14360.2,15246.5,14210,9.57221577,9.632105247,9.561701221,2.678983676,-0.317600909,3.363392751,,,,,,,,,,,,,
2018/1/12,13980.6,15295,13740.01,9.545425933,9.635281257,9.528067294,4.198320521,1.614931531,3.716161335,,,,,,,,,,,,,
2018/1/11,13405.8,15049.98,13238.78,9.503442728,9.619131941,9.49090568,-11.05811659,-7.363457995,-11.86865375,,,,,,,,,,,,,
2018/1/10,14973.3,16200,14907.09,9.614023894,9.692766521,9.609592218,2.556220444,3.774032798,3.460873212,,,,,,,,,,,,,
2018/1/9,14595.4,15600,14400,9.58846169,9.655026193,9.574983486,-3.861997472,-4.665112592,-3.430346164,,,,,,,,,,,,,
2018/1/8,15170.1,16345,14902.54,9.627081664,9.701677319,9.609286947,-8.267549751,-4.924163473,-8.039023903,,,,,,,,,,,,,
2018/1/7,16477.6,17170,16150.03,9.709757162,9.750918954,9.689677186,-6.174066628,-4.720808299,-5.538832719,,,,,,,,,,,,,
2018/1/6,17527,18000,17069.79,9.771497828,9.798127037,9.745065513,0.557837614,-0.205344579,0.642960906,,,,,,,,,,,,,
2018/1/5,17429.5,18037,16960.39,9.765919452,9.800180483,9.738635904,11.09445421,14.19542867,11.8868948,,,,,,,,,,,,,
2018/1/4,15599.2,15650,15059.54,9.65497491,9.658226196,9.619766956,2.585841573,2.261743499,0.9341925,,,,,,,,,,,,,
2018/1/3,15201,15300.01,14919.51,9.629116494,9.635608761,9.610425031,1.450505998,0.925049129,1.651689099,,,,,,,,,,,,,
2018/1/2,14982.1,15159.13,14675.11,9.614611434,9.62635827,9.59390814,9.258930009,5.984878168,9.186877462,,,,,,,,,,,,,
2018/1/1,13657.2,14278.49,13387,9.522022134,9.566509488,9.502039366,-3.589996356,-3.248887376,-2.430519417,,,,,,,,,,,,,
2017/12/31,14156.4,14750,13716.36,9.557922098,9.598998362,9.52634456,8.890116077,6.007392602,9.767138981,,,,,,,,,,,,,
2017/12/30,12952.2,13890,12440.01,9.469020937,9.538924436,9.42867317,-12.35977962,-8.584078571,-14.48439631,,,,,,,,,,,,,
2017/12/29,14656.2,15135,14378.9,9.592618733,9.624765221,9.573517133,0.339681901,-1.410553156,1.378054307,,,,,,,,,,,,,
2017/12/28,14606.5,15350,14182.11,9.589221914,9.638870753,9.55973659,-8.097704981,-4.835948357,-8.627408517,,,,,,,,,,,,,
2017/12/27,15838.5,16110.56,15459.99,9.670198964,9.687230237,9.646010675,-1.636316462,-0.851333032,-1.470507091,,,,,,,,,,,,,
2017/12/26,16099.8,16248.3,15689.01,9.686562129,9.695743567,9.660715746,13.78513227,12.70213086,13.56128107,,,,,,,,,,,,,
2017/12/25,14026.6,14310.12,13699.34,9.548710806,9.568722258,9.525102935,0.721229211,1.74908555,1.465797105,,,,,,,,,,,,,
2017/12/24,13925.8,14062,13500,9.541498514,9.551231403,9.510444964,-5.404983574,-5.486038514,1.492565022,,,,,,,,,,,,,
2017/12/23,14699.2,14855,13300,9.59554835,9.606091788,9.495519314,6.082278148,7.057487904,-0.199875304,,,,,,,,,,,,,
2017/12/22,13831.8,13842.75,13326.61,9.534725568,9.535516909,9.497518067,-13.32231784,-10.27021661,-15.06022842,,,,,,,,,,,,,
2017/12/21,15802.9,15340,15492.64,9.667948746,9.638219075,9.648120351,-5.069005861,-7.785397375,-6.232720654,,,,,,,,,,,,,
2017/12/20,16624.6,16582,16488.98,9.718638805,9.716073049,9.710447558,-6.700508496,-7.298241002,-4.773672737,,,,,,,,,,,,,
2017/12/19,17776.7,17837.45,17295.2,9.78564389,9.789055459,9.758184285,-7.254290326,-4.82890862,-8.641541757,,,,,,,,,,,,,
2017/12/18,19114.2,18719.94,18856.25,9.858186793,9.837344545,9.844599703,-0.139066811,-2.792179482,-0.019991372,,,,,,,,,,,,,
2017/12/17,19140.8,19250,18860.02,9.859577461,9.86526634,9.844799617,-1.845894091,-0.259403518,-1.278325472,,,,,,,,,,,,,
2017/12/16,19497.4,19300,19102.66,9.878036402,9.867860375,9.857582871,9.632672922,8.937441169,8.535329761,,,,,,,,,,,,,
2017/12/15,17706.9,17649.91,17539.83,9.781709673,9.778485963,9.772229574,6.672272844,7.518988763,7.116547408,,,,,,,,,,,,,
2017/12/14,16564,16371.48,16334.98,9.714986945,9.703296076,9.7010641,0.945045581,0.506795287,1.864163495,,,,,,,,,,,,,
2017/12/13,16408.2,16288.72,16033.29,9.705536489,9.698228123,9.682422465,-5.957366239,-0.834633242,-1.956009999,,,,,,,,,,,,,
2017/12/12,17415.4,16425.24,16349.99,9.765110151,9.706574455,9.701982565,2.786610289,-0.059403098,-1.445044812,,,,,,,,,,,,,
2017/12/11,16936.8,16435,16587.97,9.737244048,9.707168486,9.716433013,9.153031253,6.89559301,10.73178632,,,,,,,,,,,,,
2017/12/10,15455.4,15339.9,14899.98,9.645713736,9.638212556,9.60911515,1.809826898,2.708466546,1.650528655,,,,,,,,,,,,,
2017/12/9,15178.2,14930,14656.07,9.627615467,9.611127891,9.592609863,-8.76974329,-7.140745793,-8.02058717,,,,,,,,,,,,,
2017/12/8,16569.4,16035.1,15880,9.7153129,9.682535348,9.672815735,-7.722633216,-5.843327457,-4.428199677,,,,,,,,,,,,,
2017/12/7,17899.7,17000,16599,9.792539232,9.740968623,9.717097732,22.5118998,19.02351397,20.29522152,,,,,,,,,,,,,
2017/12/6,14291.5,14055,13550.05,9.567420234,9.550733483,9.514145516,18.17241773,17.58791732,14.68022503,,,,,,,,,,,,,
2017/12/5,11916.7,11788.2,11699.99,9.385696057,9.37485431,9.367343266,2.201676281,2.562193928,1.039487447,,,,,,,,,,,,,
2017/12/4,11657.2,11490,11579,9.363679294,9.349232371,9.356948392,2.907029652,2.661207761,3.637250611,,,,,,,,,,,,,
2017/12/3,11323.2,11188.26,11165.41,9.334608997,9.322620293,9.320575885,2.219952044,2.711190889,2.49747513,,,,,,,,,,,,,
2017/12/2,11074.6,10889,10890.01,9.312409477,9.295508384,9.295601134,0.897957073,2.306495457,0.98759627,,,,,,,,,,,,,
2017/12/1,10975.6,10640.72,10782.99,9.303429906,9.27244343,9.285725171,6.999820295,6.010505514,9.161987809,,,,,,,,,,,,,
2017/11/30,10233.6,10020,9838.96,9.233431703,9.212338375,9.194105293,3.429283447,1.833065728,1.54743947,,,,,,,,,,,,,
2017/11/29,9888.61,9838,9687.88,9.199138869,9.194007717,9.178630899,-1.706428351,-0.68074334,-2.133585285,,,,,,,,,,,,,
2017/11/28,10058.8,9905.2,9896.8,9.216203152,9.200815151,9.199966752,2.419478945,3.982049724,2.525355722,,,,,,,,,,,,,
2017/11/27,9818.35,9518.52,9650,9.192008363,9.160994654,9.174713194,5.095912106,4.847551139,5.560911173,,,,,,,,,,,,,
2017/11/26,9330.55,9068.11,9128.02,9.141049242,9.112519142,9.119104083,5.957459214,5.646929308,4.802462853,,,,,,,,,,,,,
2017/11/25,8790.92,8570.23,8700.01,9.08147465,9.056049849,9.071079454,6.305899753,5.827789275,6.677972551,,,,,,,,,,,,,
2017/11/24,8253.69,8085.05,8138,9.018415652,8.997771956,9.004299729,2.638428666,0.645862011,1.460727458,,,,,,,,,,,,,
2017/11/23,8038.77,8033,8019.99,8.992031365,8.991313336,8.989692454,-2.636732441,-1.07782546,-2.291867001,,,,,,,,,,,,,
2017/11/22,8253.55,8120.05,8205.92,9.01839869,9.002091591,9.012611124,2.23338069,0.123844366,1.058603748,,,,,,,,,,,,,
2017/11/21,8071.26,8110,8119.51,8.996064883,9.000853147,9.002025087,-1.590259608,1.248576183,-1.132669163,,,,,,,,,,,,,
2017/11/20,8200.64,8009.37,8212,9.011967479,8.988367385,9.013351778,2.02197793,2.398126163,2.141620313,,,,,,,,,,,,,
2017/11/19,8036.49,7819.58,8038,8.9917477,8.964386124,8.991935575,3.113230555,2.495986214,3.494799308,,,,,,,,,,,,,
2017/11/18,7790.15,7626.82,7761.94,8.960615394,8.939426262,8.956987582,1.047293486,0.325961197,0.811717443,,,,,,,,,,,,,
2017/11/17,7708.99,7602,7699.19,8.950142459,8.93616665,8.948870408,-2.08855986,0.013023737,-2.124383318,,,,,,,,,,,,,
2017/11/16,7871.69,7601.01,7864.5,8.971028058,8.936036412,8.970114241,7.327192623,5.005592838,8.272946804,,,,,,,,,,,,,
2017/11/15,7315.54,7229.9,7240.06,8.897756132,8.885980484,8.887384773,9.752915434,8.917267451,9.635643651,,,,,,,,,,,,,
2017/11/14,6635.75,6613.1,6574.99,8.800226977,8.796807809,8.791028336,1.155884229,0.806192735,1.67169244,,,,,,,,,,,,,
2017/11/13,6559.49,6560,6465.99,8.788668135,8.788745882,8.774311412,9.750987184,10.44564529,10.6798297,,,,,,,,,,,,,
2017/11/12,5950.07,5909.34,5811.03,8.691158263,8.684289429,8.667513115,-6.624796345,-7.115343948,-7.203131425,,,,,,,,,,,,,
2017/11/11,6357.6,6345.13,6245.05,8.757406227,8.755442869,8.739544429,-4.016341606,-4.7758996,-4.108629694,,,,,,,,,,,,,
2017/11/10,6618.14,6655.52,6506.98,8.797569643,8.803201865,8.780630726,-7.639968755,-5.801497967,-8.439704838,,,,,,,,,,,,,
2017/11/9,7143.58,7053.06,7079.99,8.87396933,8.861216844,8.865027774,-4.329980714,-4.2431234,-3.101272736,,,,,,,,,,,,,
2017/11/8,7459.69,7358.77,7303,8.917269137,8.903648078,8.896040502,4.318782474,4.241138466,3.326809684,,,,,,,,,,,,,
2017/11/7,7144.38,7053.2,7064.04,8.874081313,8.861236694,8.862772405,1.716973049,0.785559163,1.482041022,,,,,,,,,,,,,
2017/11/6,7022.76,6998.01,6960.12,8.856911582,8.853381102,8.847951995,-5.332454738,-5.517421644,-5.382445552,,,,,,,,,,,,,
2017/11/5,7407.41,7394.97,7345.01,8.91023613,8.908555318,8.90177645,0.371398702,2.186967928,-0.164330303,,,,,,,,,,,,,
2017/11/4,7379.95,7235,7357.09,8.906522143,8.886685639,8.903419753,2.360864011,1.866516802,3.345362067,,,,,,,,,,,,,
2017/11/3,7207.76,7101.21,7115.04,8.882913502,8.868020471,8.869966132,1.809620256,1.293034409,1.345048442,,,,,,,,,,,,,
2017/11/2,7078.5,7009.98,7019.98,8.8648173,8.855090127,8.856515648,4.49583541,4.971498805,3.862840828,,,,,,,,,,,,,
2017/11/1,6767.31,6670,6753.98,8.819858946,8.805375139,8.81788724,4.517488403,5.627689051,4.403835447,,,,,,,,,,,,,
2017/10/31,6468.4,6305,6463,8.774684062,8.749098248,8.773848885,5.364757648,4.54354486,5.444981375,,,,,,,,,,,,,
2017/10/30,6130.53,6024.94,6120.5,8.721036485,8.7036628,8.719399072,-0.379669597,0.916059342,-0.805180389,,,,,,,,,,,,,
2017/10/29,6153.85,5970,6169.98,8.724833181,8.694502206,8.727450875,6.734080044,4.337620293,7.578973007,,,,,,,,,,,,,
2017/10/28,5753.09,5716.58,5719.64,8.657492381,8.651126003,8.651661145,-0.482227813,-0.56204129,-0.856342065,,,,,,,,,,,,,
2017/10/27,5780.9,5748.8,5768.83,8.662314659,8.656746416,8.660224566,-2.121128017,-1.670323617,-1.598231877,,,,,,,,,,,,,
2017/10/26,5904.83,5845.63,5861.77,8.683525939,8.673449653,8.676206885,2.643168451,2.900902123,2.97431151,,,,,,,,,,,,,
2017/10/25,5750.8,5678.49,5689.99,8.657094255,8.644440631,8.64646377,3.975893963,3.210090983,3.814550743,,,,,,,,,,,,,
2017/10/24,5526.64,5499.1,5477.03,8.617335315,8.612339721,8.608318262,-7.049813852,-4.461541232,-7.708572922,,,,,,,,,,,,,
2017/10/23,5930.32,5750,5915.93,8.687833453,8.656955134,8.685403991,-1.308364436,-2.316270481,-0.574586844,,,,,,,,,,,,,
2017/10/22,6008.42,5884.74,5950.02,8.700917098,8.680117839,8.69114986,-0.38504967,-0.482458043,-1.251791921,,,,,,,,,,,,,
2017/10/21,6031.6,5913.2,6024.97,8.704767594,8.684942419,8.703667779,0.33463315,2.105312135,0.248608767,,,,,,,,,,,,,
2017/10/20,6011.45,5790.01,6010.01,8.701421263,8.663889298,8.701181691,5.170618833,3.158329916,5.57887956,,,,,,,,,,,,,
2017/10/19,5708.52,5610,5683.9,8.649715075,8.632305999,8.645392896,2.085708142,2.107616517,3.069919784,,,,,,,,,,,,,
2017/10/18,5590.69,5493,5512.06,8.628857993,8.611229833,8.614693698,-0.264732832,0.361109984,-1.493492277,,,,,,,,,,,,,
2017/10/17,5605.51,5473.2,5595,8.631505322,8.607618734,8.629628621,-2.119555833,-0.142411154,-2.906760516,,,,,,,,,,,,,
2017/10/16,5725.59,5481,5760.02,8.65270088,8.609042845,8.658696226,0.831308092,1.295529737,0.872367457,,,,,,,,,,,,,
2017/10/15,5678.19,5410.45,5709.99,8.644387799,8.596087548,8.649972551,-2.669146585,-1.823235447,-2.763565791,,,,,,,,,,,,,
2017/10/14,5831.79,5510,5869.99,8.671079265,8.614319902,8.677608209,3.216236794,2.666638315,3.820092493,,,,,,,,,,,,,
2017/10/13,5647.21,5365.01,5649.98,8.638916897,8.587653519,8.639407284,3.611314248,2.942587563,3.971287138,,,,,,,,,,,,,
2017/10/12,5446.91,5209.44,5430,8.602803754,8.558227643,8.599694413,12.09310519,9.553287729,11.88685694,,,,,,,,,,,,,
2017/10/11,4826.48,4734.8,4821.43,8.481872702,8.462694766,8.480825844,0.926064565,0.068241578,0.799005551,,,,,,,,,,,,,
2017/10/10,4781.99,4731.57,4783.06,8.472612057,8.46201235,8.472835788,0.208708252,-0.29797664,-0.081295635,,,,,,,,,,,,,
2017/10/9,4772.02,4745.69,4786.95,8.470524974,8.464992117,8.473648744,3.443772228,4.320911009,3.117909916,,,,,,,,,,,,,
2017/10/8,4610.48,4545,4640,8.436087252,8.421783007,8.442469645,4.063466715,4.009801756,4.789616735,,,,,,,,,,,,,
2017/10/7,4426.89,4366.36,4423,8.395452585,8.381684989,8.394573478,1.274895929,1.183238553,1.228404892,,,,,,,,,,,,,
2017/10/6,4370.81,4315,4369,8.382703626,8.369852604,8.382289429,0.974807759,0.55518838,1.768114383,,,,,,,,,,,,,
2017/10/5,4328.41,4291.11,4292.43,8.372955548,8.36430072,8.364608285,2.314958766,1.884529155,1.972533141,,,,,,,,,,,,,
2017/10/4,4229.36,4211,4208.59,8.34980596,8.345455428,8.344882954,-2.062121734,-1.543009213,-2.381022938,,,,,,,,,,,,,
2017/10/3,4317.48,4276.48,4310,8.370427178,8.36088552,8.368693183,-2.104858384,-1.934181605,-1.611082027,,,,,,,,,,,,,
2017/10/2,4409.32,4360,4380,8.391475762,8.380227336,8.384804003,0.126630268,0.777325287,0.034709219,,,,,,,,,,,,,
2017/10/1,4403.74,4326.24,4378.48,8.390209459,8.372454083,8.384456911,1.487711097,0.981165191,-0.000685167,,,,,,,,,,,,,
2017/9/30,4338.71,4284,4378.51,8.375332348,8.362642432,8.384463763,4.132428604,3.539982411,4.766837982,,,,,,,,,,,,,
2017/9/29,4163.07,4135,4174.69,8.334008062,8.327242607,8.336795383,-0.279690268,-0.125676737,0.00455134,,,,,,,,,,,,,
2017/9/28,4174.73,4140.2,4174.5,8.336804965,8.328499375,8.33674987,-0.619435082,-0.477097842,-0.442187754,,,,,,,,,,,,,
2017/9/27,4200.67,4160,4193,8.342999315,8.333270353,8.341171747,7.623094804,6.810899025,7.697582779,,,,,,,,,,,,,
2017/9/26,3892.35,3886.1,3882.35,8.266768367,8.265161363,8.264195919,-0.862583721,0.092680799,-0.984232164,,,,,,,,,,,,,
2017/9/25,3926.07,3882.5,3920.75,8.275394205,8.264234555,8.274038241,6.395473187,5.735084931,6.881435015,,,,,,,,,,,,,
2017/9/24,3682.84,3666.1,3660.02,8.211439473,8.206883706,8.205223891,-2.931487039,-1.578002329,-3.225539775,,,,,,,,,,,,,
2017/9/23,3792.4,3724.41,3780,8.240754343,8.222663729,8.237479289,4.357359691,3.082124829,4.993804495,,,,,,,,,,,,,
2017/9/22,3630.7,3611.37,3595.87,8.197180746,8.191842481,8.187541244,-0.009364147,-1.746593093,-0.391903758,,,,,,,,,,,,,
2017/9/21,3631.04,3675,3609.99,8.197274388,8.209308412,8.191460281,-7.298192293,-8.474122846,-7.727155088,,,,,,,,,,,,,
2017/9/20,3905.95,4000,3900,8.270256311,8.29404964,8.268731832,-0.485767634,0.451015548,-0.257105099,,,,,,,,,,,,,
2017/9/19,3924.97,3982,3910.04,8.275113987,8.289539485,8.271302883,-3.510423439,-4.139641514,-3.146117591,,,,,,,,,,,,,
2017/9/18,4065.2,4150.3,4035.01,8.310218221,8.3309359,8.302764059,12.6295996,9.729731054,8.667866309,,,,,,,,,,,,,
2017/9/17,3582.88,3765.51,3699.99,8.183922225,8.233638589,8.216085396,-1.169837645,-0.78011006,-0.403510219,,,,,,,,,,,,,
2017/9/16,3625.04,3795,3714.95,8.195620602,8.24143969,8.220120498,-0.343680804,-0.787144205,0.403239948,,,,,,,,,,,,,
2017/9/15,3637.52,3824.99,3700,8.19905741,8.249311132,8.216088099,14.23294828,14.60981998,14.86191601,,,,,,,,,,,,,
2017/9/14,3154.95,3305.07,3189.02,8.056727927,8.103212932,8.067468939,-20.75298087,-17.82250139,-21.26567112,,,,,,,,,,,,,
2017/9/13,3882.59,3949.87,3944.69,8.264257736,8.281437946,8.28012565,-6.197105694,-7.230882715,-5.403853473,,,,,,,,,,,,,
2017/9/12,4130.81,4246.06,4163.72,8.326228793,8.353746773,8.334164184,-0.734680249,-1.264213305,-1.069025576,,,,,,,,,,,,,
2017/9/11,4161.27,4300.08,4208.47,8.333575595,8.366388906,8.34485444,0.925381504,-1.282874631,1.873216988,,,,,,,,,,,,,
2017/9/10,4122.94,4355.6,4130.37,8.32432178,8.379217652,8.32612227,-2.470361581,-1.157976995,-3.06227872,,,,,,,,,,,,,
2017/9/9,4226.06,4406.33,4258.81,8.349025396,8.390797422,8.356745058,-0.06363242,1.317669134,-0.561722277,,,,,,,,,,,,,
2017/9/8,4228.75,4348.65,4282.8,8.34966172,8.377620731,8.36236228,-8.412377509,-5.688626171,-9.116880583,,,,,,,,,,,,,
2017/9/7,4599.88,4603.2,4691.61,8.433785495,8.434506993,8.453531086,0.060019573,0.986778299,1.543088683,,,,,,,,,,,,,
2017/9/6,4597.12,4558,4619.77,8.433185299,8.42463921,8.438100199,4.91738475,2.03459956,5.639001795,,,,,,,,,,,,,
2017/9/5,4376.53,4466.2,4366.47,8.384011452,8.404293214,8.381710181,3.256356565,3.214197994,6.294109974,,,,,,,,,,,,,
2017/9/4,4236.31,4324.93,4100.11,8.351447886,8.372151234,8.318769082,-7.865247027,-7.053390498,-9.507933896,,,,,,,,,,,,,
2017/9/3,4582.96,4641,4509.08,8.430100357,8.442685139,8.413848421,0.091467448,0.62660896,0.822610031,,,,,,,,,,,,,
2017/9/2,4578.77,4612.01,4472.14,8.429185682,8.43641905,8.40562232,-6.617285887,-6.077549527,-7.799547319,,,,,,,,,,,,,
2017/9/1,4892.01,4901,4834.91,8.495358541,8.497194545,8.483617793,3.931973666,4.571389686,2.301823421,,,,,,,,,,,,,
2017/8/31,4703.39,4682,4724.89,8.456038804,8.451480648,8.460599559,2.979929601,3.4970042,3.658801456,,,,,,,,,,,,,
2017/8/30,4565.3,4521.1,4555.14,8.426239508,8.416510606,8.424011545,-0.300077213,0.179320622,-0.7074588,,,,,,,,,,,,,
2017/8/29,4579.02,4513,4587.48,8.42924028,8.4147174,8.431086133,4.382915544,4.472575615,4.475589733,,,,,,,,,,,,,
2017/8/28,4382.66,4315.6,4386.69,8.385411125,8.369991644,8.386330235,-0.005019657,0.992020803,1.763473207,,,,,,,,,,,,,
2017/8/27,4382.88,4273,4310.01,8.385461322,8.360071436,8.368695503,0.697862546,0.069296178,-0.634408803,,,,,,,,,,,,,
2017/8/26,4352.4,4270.04,4337.44,8.378482696,8.359378474,8.375039591,-0.440165773,0.235168718,1.317243685,,,,,,,,,,,,,
2017/8/25,4371.6,4260.01,4280.68,8.382884354,8.357026787,8.361867154,0.848128507,0.141179092,-0.821948887,,,,,,,,,,,,,
2017/8/24,4334.68,4254,4316.01,8.374403069,8.355614996,8.370086643,4.31732575,3.784882904,4.79331424,,,,,,,,,,,,,
2017/8/23,4151.52,4096,4114.01,8.331229811,8.317766167,8.322153501,1.236073731,0.988758868,1.815352998,,,,,,,,,,,,,
2017/8/22,4100.52,4055.7,4040,8.318869074,8.307878578,8.303999971,2.43845284,1.382393795,0.595830958,,,,,,,,,,,,,
2017/8/21,4001.74,4000.02,4016,8.294484546,8.29405464,8.298041661,-2.124341265,-2.10223672,-1.735108555,,,,,,,,,,,,,
2017/8/20,4087.66,4085,4086.29,8.315727958,8.315077007,8.315392747,-2.561071997,-0.381889213,-1.305348897,,,,,,,,,,,,,
2017/8/19,4193.7,4100.63,4139.98,8.341338678,8.318895899,8.328446236,0.791929753,-0.303151914,0.766460074,,,,,,,,,,,,,
2017/8/18,4160.62,4113.08,4108.37,8.333419381,8.321927419,8.320781635,#DIV/0!,#DIV/0!,#DIV/0!,,,,,,,,,,,,,
